Source,Accident_Time,Additional_Lng,f6,Description,Street,City,County,State,Country,f16,f17,f19,f20,f21,f22,f23,f24,f25,f26,f27,f28,f29,f30,f31,D1,D2,D3,y,Location_Available,Wind_D_Calm,Wind_D_Variable,Wind_D_Sin,Wind_D_Cos,Record_Delay_Time
2,2020-12-02 17:01:14,-1.0063534,-0.687551,lane blocked due to accident on i-17 black canyon hwy northbound at exit 203.,w camelback rd,phoenix,maricopa,az,us,-2.406821,-1.5075386,1.3875762,-0.6422932,0,0,0,0,0,0,0,0,0,1,0,1,1,1,3,0,0,0,1.535528,0.74940723,0.2682148
1,2021-06-03 16:32:42,1.2660353,0.40487102,conndot: crash (multi vehicle) on i-84 eastbound between exits 44 and 46. the left lane is closed. reported thursday june 3 at 4:31 pm.,i-84,west hartford,capitol,ct,us,0.4570576,0.52210766,-0.31922266,-0.6422932,0,0,0,1,0,0,0,0,0,0,0,1,1,1,2,1,0,1,0.055601574,0.114938535,0.27959836
1,2019-11-04 17:28:00,-1.5419573,-0.687551,at rio linda blvd - accident.,bing dr,antelope,sacramento,ca,us,-1.5256275,0.3324211,-0.9592722,0.07808093,0,0,0,0,0,0,0,0,0,0,0,0,1,1,2,1,0,0,-1.077085,1.2872838,-0.39609805
1,2019-02-24 03:04:55,-1.7049125,-0.46519962,at mccullough brg (south) - accident.,sherman ave,north bayside,coos,or,us,0.18396889,-0.74588823,-0.06988447,0.7541764,0,0,0,0,0,0,0,0,0,0,0,0,0,0,2,1,0,0,-0.026763666,0.012386774,-0.0033535217
1,2021-12-01 18:16:32,0.8283902,-0.28635177,slow traffic on fl-860 from nw 188th ter to nw 183rd st due to accident.,nw 67th ave,hialeah,miami-dade,fl,us,-0.15977779,0.8445748,-0.31922266,-0.6422932,0,0,0,0,0,0,0,0,0,0,0,0,1,1,2,1,0,0,-0.557404,1.6466814,0.59264666
2,2019-03-14 15:57:41,-1.3616613,-0.687551,accident on los feliz blvd at riverside dr.,crystal springs dr,los angeles,los angeles,ca,us,-2.0543435,0.86354345,-0.6179125,0.11989498,0,0,0,0,0,0,1,0,0,1,0,1,1,1,2,0,0,1,0.055601574,0.114938535,0.27919182
1,2021-01-05 08:14:00,-1.5360473,-0.4531153,nb jso exit 473. [chp] has closed their incident [210105st00002],e louise ave,lathrop,san joaquin,ca,us,1.073893,1.0911673,0.10747705,-0.6422932,0,0,0,0,0,0,0,0,0,0,0,1,1,1,2,1,0,0,0.055601574,-1.5430081,0.48206335
2,2019-11-20 10:38:53,0.8031929,-0.687551,accident on nc-49 university city blvd at nc-24.,e w.t. harris blvd,charlotte,mecklenburg,nc,us,-0.7325535,-0.46426246,0.96087646,-0.6422932,0,0,0,0,0,0,0,0,0,0,0,1,1,1,2,0,0,0,1.6574624,0.114938535,-0.2525837
1,2022-08-19 14:20:00,-1.5013231,0.21635571,incident on vineyard canyon rd near indian valley rd drive with caution.,indian valley rd,san miguel,san luis obispo,ca,us,-2.4949403,-1.3937266,0.96087646,-0.6422932,0,0,0,0,0,0,0,0,0,0,0,1,1,1,2,1,0,0,1.1882882,-1.0574068,0.67721033
2,2020-09-02 04:10:48,-0.12096838,-0.687551,two lanes blocked and shoulder blocked due to accident on i-30 westbound at carroll ave.,s carroll ave,dallas,dallas,tx,us,1.3823106,-0.69188637,-0.31922266,-0.6422932,0,0,0,0,0,0,0,0,0,0,0,0,0,0,3,0,0,0,-1.077085,1.2872838,0.4527913
2,2020-10-02 09:59:09,0.7706082,-0.687551,accident on pleasant home rd at sc-3.,pleasant home rd,blackville,barnwell,sc,us,-0.24789712,0.23757781,1.600926,-0.6422932,0,0,0,0,0,0,0,1,0,0,0,1,1,1,2,0,0,0,1.535528,0.74940723,0.11982179
1,2016-12-23 14:13:14,-1.6049192,-0.6827173,at waldo tunnel - accident.,us-101 s,sausalito,marin,ca,us,0.9417139,0.25654647,2.2398665,2.3006148,0,0,0,0,0,0,0,0,0,0,0,1,1,1,2,1,0,0,0.055601574,-1.5430081,0.43896842
1,2021-05-07 05:50:00,1.1863722,2.0918415,stationary traffic on nj-3 - nj-3 w from new jersey tpke (nj-3) to nj-7/passaic ave (nj-3) due to accident.,nj-3 w,rutherford,bergen,nj,us,-0.46819547,0.46520168,-1.5993218,-0.6422932,0,0,0,1,0,0,0,0,0,0,0,1,1,1,2,1,1,0,0.055601574,0.114938535,-0.0058040856
2,2019-11-18 19:15:20,0.7919392,-0.687551,accident on us-1 two notch rd at trenholm rd ext.,trenholm road ext,columbia,richland,sc,us,1.073893,-0.16076396,-1.5993218,-0.6422932,0,0,0,0,0,0,0,0,0,1,0,0,0,0,2,0,1,0,0.055601574,0.114938535,0.56337464
1,2022-09-10 02:27:50,1.1991597,1.0018362,incident on i-87 near i-87 road closed. take alternate route.,major deegan expy s,bronx,bronx,ny,us,0.23675925,0.9394181,-0.9592722,-0.6422932,0,0,0,0,0,0,0,0,0,0,0,0,0,0,2,1,0,0,-0.557404,-1.4168044,-0.5465238
1,2022-05-04 08:18:30,-1.5346891,2.0918415,stationary traffic on i-80 w from atlantic st/eureka rd (i-80) to elkhorn blvd/greenback ln (i-80) due to accident.,i-80 w,roseville,placer,ca,us,-0.24789712,0.3324211,0.10747705,-0.6422932,0,0,0,0,0,0,0,0,0,0,0,1,1,1,2,1,0,0,-1.077085,1.2872838,0.10396609
1,2022-06-26 13:48:05,0.092045166,2.0918415,stationary traffic on us-52 n from mn-156/concord st (us-52) to i-94/us-10 (us-52) due to accident.,us-52 n,saint paul,ramsey,mn,us,-1.3053292,-0.5211684,2.2398665,-0.6422932,0,0,0,1,0,0,0,0,0,0,0,1,1,1,2,1,0,0,1.1882882,-1.0574068,-0.10134479
2,2018-11-18 06:46:14,-1.5827113,-0.687551,right hand shoulder blocked due to accident on ca-16 at county road 82.,state highway 16,capay,yolo,ca,us,0.4570576,0.82560617,-0.19824746,0.17631377,0,0,0,0,0,0,0,0,0,0,0,0,1,1,2,0,1,0,0.055601574,0.114938535,0.1706413
1,2022-12-09 06:12:00,1.0320297,-0.15342431,incident on cross farm ln near green springs rd expect long delays.,cross farm ln,york,york,pa,us,0.8976543,0.56004494,-0.31922266,-0.6422932,0,0,0,0,0,0,0,0,0,0,0,0,1,1,2,1,0,0,1.1882882,-1.0574068,0.40888324
2,2022-01-03 15:17:23,-0.95132023,-0.687551,lane blocked due to accident on us-6 westbound at starvation rd.,us-6,fairview,utah,ut,us,-0.5563148,-2.4370027,-1.5993218,-0.6422932,0,0,0,0,0,0,0,0,0,0,0,1,1,1,2,0,1,0,0.055601574,0.114938535,0.613381
1,2021-12-10 14:38:00,-1.3164922,-0.39994434,stationary traffic from whittram ave to almond ave due to accident.,cherry ave,fontana,san bernardino,ca,us,-0.33601645,-1.1281655,-1.5993218,-0.6422932,0,0,0,0,0,0,0,0,0,0,0,1,1,1,2,1,1,0,0.055601574,0.114938535,-0.3473113
1,2021-09-23 08:49:00,-0.9584344,-0.18484353,stationary traffic on us-87 byp n - us-87 s - us-87 byp s from n river rd to 19th st n due to accident.,15th st,great falls,cascade,mt,us,-0.6884938,-2.4370027,0.3208269,-0.6422932,0,0,0,0,0,0,0,0,0,0,0,1,1,1,2,1,0,0,-1.077085,-1.0574068,-0.0789842
1,2023-03-28 07:03:00,0.5639963,2.0918415,stationary traffic on us-27 alt s - ga-85 s from us-80/ga-22/beaver run rd (us-27 alt) to warm springs conn (us-27 alt) due to accident.,ga-85 s,columbus,muscogee,ga,us,1.4263703,-0.103858,-0.5325725,-0.6422932,0,0,0,0,0,0,0,0,0,0,0,0,1,1,2,1,0,0,1.6574624,0.114938535,-0.0789842
2,2018-10-16 22:11:48,0.75964934,-0.687551,accident on county hwy-435 clarcona rd at mccormick rd.,clarcona rd,apopka,orange,fl,us,0.8535946,0.86354345,0.12881203,2.3006148,0,0,0,0,0,0,0,0,0,0,0,0,0,0,2,0,0,0,-1.077085,1.2872838,0.47718468
1,2021-02-24 06:16:30,1.0966367,0.093095705,slow traffic on de-273 from old baltimore pike (christiana vlg prof ctr/de-273) to de-1 (christiana rd/de-273) due to accident.,christiana byp,bear,new castle,de,us,0.7654753,0.6169509,-0.31922266,-0.6422932,0,0,0,0,0,0,0,0,0,0,0,0,1,1,2,1,0,0,-1.4243248,-0.5195302,0.6406203
2,2021-01-20 07:43:40,0.8418777,2.0918415,entry ramp to i-95 southbound from w boynton beach blvd lane blocked due to accident.,i-95 s,boynton beach,palm beach,fl,us,1.073893,1.110136,-0.5325725,-0.6422932,0,0,0,0,0,0,0,0,0,0,0,1,1,1,3,0,0,0,1.535528,-0.5195302,-0.20908219
1,2021-12-21 16:18:30,-1.3419852,-0.28151804,slow traffic from valley blvd (azusa ave/ca-39) to ca-60 (azusa ave/ca-39) due to accident.,s azusa ave,city of industry,los angeles,ca,us,-1.7018663,0.56004494,-1.5993218,-0.6422932,0,0,0,0,0,0,0,0,0,0,0,1,1,1,2,1,1,0,0.055601574,0.114938535,0.6406203
1,2021-09-28 09:33:30,0.52677363,1.5770495,stationary traffic on i-70 w from in-3/exit 123 (i-70) to in-109/exit 115 (i-70) due to accident.,i-70 w,knightstown,henry,in,us,0.80953497,-1.1661028,-0.10587281,1.7933452,0,0,0,0,0,0,0,0,0,0,0,1,1,1,2,1,0,0,-0.557404,-1.4168044,-0.018000772
2,2020-12-09 18:11:23,0.9221091,-0.687551,accident on mt pleasant church rd at carlie adams rd.,carlie adams rd,willow spring,wake,nc,us,-0.07165845,0.10479722,-0.5325725,-0.6422932,0,0,0,0,0,0,0,0,0,0,0,0,0,1,2,0,0,0,-1.4243248,-0.5195302,-0.06963341
1,2022-10-13 09:09:00,-1.5757792,1.569799,incident on i-880 sb near stevenson blvd drive with caution.,i-880 s,fremont,alameda,ca,us,0.7654753,0.82560617,-0.31922266,0.41238087,0,0,0,1,0,0,0,0,0,0,0,1,1,1,2,1,0,1,0.055601574,0.114938535,0.5552435
1,2021-10-20 22:02:31,0.9149011,-0.6295463,incident on holly springs rd near middle creek famm rd drive with caution.,holly springs rd,holly springs,wake,nc,us,1.5585493,0.44623303,-1.5993218,-0.6422932,0,0,0,0,0,0,0,0,0,0,0,0,0,0,2,1,1,0,0.055601574,0.114938535,0.20194614
1,2020-09-12 12:40:00,-1.4719303,0.8689087,incident on avenue 12 near road 20 drive with caution.,avenue 12,madera,madera,ca,us,-1.1290905,-0.009014718,-0.9592722,-0.6422932,0,0,0,0,0,0,0,0,0,0,0,1,1,1,2,1,0,1,0.055601574,0.114938535,-0.29852456
2,2017-02-21 09:17:44,0.6898349,-0.6633824,accident on fl-590 at county hwy-611 mcmullen booth rd.,n mcmullen booth rd,clearwater,pinellas,fl,us,0.7214156,0.82560617,0.12881203,2.3006148,0,0,0,0,0,0,0,0,0,1,0,1,1,1,2,0,0,0,-1.077085,1.2872838,0.6219187
1,2020-10-23 19:43:00,1.0492637,0.12209806,incident on rose ave near lancaster ave expect long delays.,rose ln,jonestown,lebanon,pa,us,1.3823106,-0.29354456,-1.5993218,-0.6422932,0,0,0,0,0,0,0,1,0,0,0,0,0,1,2,1,1,0,0.055601574,0.114938535,-0.29852456
2,2018-11-14 10:03:37,-1.5953585,-0.687551,#2 lane blocked due to accident on i-80 westbound at exit 15 cutting blvd.,i-80 w,richmond,contra costa,ca,us,-1.2172098,1.3377599,-0.13085394,-0.049569044,0,0,0,1,0,0,0,0,0,0,0,1,1,1,3,0,1,0,0.055601574,0.114938535,0.10681198
1,2023-02-22 16:50:00,-1.3390282,0.40245417,accident on orange fwy s - ca-57 s from orangewood ave (ca-57) to i-5/ca-22/chapman ave (orange) (ca-57).,ca-57,orange,orange,ca,us,-0.7325535,0.29448378,1.3875762,-0.6422932,0,0,0,1,0,0,0,0,0,0,0,1,1,1,2,1,0,0,-0.557404,-1.4168044,-0.05459083
1,2021-11-19 15:32:38,0.98101825,-0.5207875,incident on royal birkdale dr near ashbourne hollow cir drive with caution.,ashbourne hollow cir,chesterfield,chesterfield,va,us,0.010269153,0.07998828,-0.09907141,0.59760165,0,0,0,0,0,0,0,0,0,0,0,1,1,1,2,1,0,0,-0.11579012,-0.22969392,-0.0033535217
1,2022-06-15 23:10:19,0.03894592,1.3474475,incident on i-49 sb near i-49 left lane blocked.,i-49,texarkana,miller,ar,us,0.10458023,-0.16076396,0.3208269,-0.6422932,0,0,0,0,0,0,0,0,0,0,0,0,0,0,2,1,0,0,-1.4243248,0.74940723,0.4410012
1,2018-01-17 05:06:21,-1.5300429,2.0918415,closed at nw pelton dam rd - road closed due to accident.,nw highway 26,madras,jefferson,or,us,1.206072,0.9014808,-0.6179125,0.4010308,0,0,0,0,0,0,0,0,0,0,0,0,0,0,4,1,0,0,-1.5462592,0.114938535,0.2710607
1,2022-06-16 15:19:33,0.20725016,2.0918415,slow traffic on i-12 e from drusilla ln (i-12) to s range ave (i-12) due to accident.,i-12 e,baton rouge,east baton rouge,la,us,0.19269957,0.56004494,-0.10587281,-0.6422932,0,0,0,1,0,0,0,0,0,0,0,1,1,1,2,1,0,0,-1.077085,-1.0574068,-0.33389494
1,2022-12-20 22:44:00,-1.5460187,-0.67304987,incident on 45th ave wb near franklin blvd drive with caution.,franklin blvd,sacramento,sacramento,ca,us,0.9417139,1.2429166,-1.5993218,-0.6422932,0,0,0,0,0,0,0,1,0,0,0,0,0,0,2,1,1,0,0.055601574,0.114938535,-0.20095107
2,2020-01-24 07:54:56,0.79013467,-0.687551,accident on i-20 westbound at sc-277.,sc-277 s,columbia,richland,sc,us,1.2501316,0.40829572,-1.5993218,-0.6422932,0,0,0,0,0,0,0,0,0,0,0,1,1,1,3,0,1,0,0.055601574,0.114938535,0.0657498
2,2020-01-16 07:18:30,-0.11679216,-0.687551,two lanes blocked and shoulder blocked due to accident on i-30 eastbound at st francis ave.,i-30 e,dallas,dallas,tx,us,1.073893,0.31345242,0.53417677,2.3006148,0,0,0,0,0,0,0,0,0,0,0,0,1,1,3,0,0,0,1.6574624,0.114938535,0.055179346
2,2019-08-26 13:05:59,0.07482045,-0.687551,restrictions due to accident on mn-62 eastbound at tracy ave.,mn-62 w,minneapolis,hennepin,mn,us,1.2501316,-1.6592878,-0.9592722,2.3006148,0,0,0,0,0,0,0,0,0,0,0,1,1,1,2,0,0,0,-1.077085,-1.0574068,-0.15257089
1,2019-01-15 03:22:46,-1.3568722,0.5160467,ramp closed to ca-91 - road closed due to accident. police activity ongoing.,artesia fwy w,long beach,los angeles,ca,us,1.2501316,0.6548883,-0.3065413,0.38695747,0,0,0,0,0,0,0,0,0,0,0,0,0,0,4,1,1,0,0.055601574,0.114938535,-0.40178984
2,2017-05-12 13:53:41,-0.05367625,-0.63921374,accident on airport blvd at dairy ashford rd.,w airport blvd,stafford,fort bend,tx,us,-1.2172098,0.3703584,1.3449062,1.0867972,0,0,0,0,0,0,0,0,0,1,0,1,1,1,2,0,0,0,1.1882882,-1.0574068,0.035258092
1,2019-12-10 08:27:09,1.1894703,0.78190166,ramp closed to rt-3/exit 17 - road closed due to accident.,new jersey tpke s,secaucus,hudson,nj,us,1.4263703,0.1996405,0.53417677,-0.6422932,0,0,0,0,0,0,0,0,0,0,0,1,1,1,4,1,0,0,-1.4243248,-0.5195302,-0.56319267
2,2018-03-06 09:21:00,-0.8675114,-0.687551,accident on ut-44 both ways near forest road 218.,s highway 44,manila,daggett,ut,us,-0.95285183,1.5843524,0.1099798,0.31337157,0,0,0,0,0,0,0,0,0,0,0,1,1,1,2,0,1,0,0.055601574,0.114938535,0.7016037
1,2021-01-28 19:08:01,-0.9549776,0.027840408,incident on frontage rd near ali john dr drive with caution.,collins rd,belgrade,gallatin,mt,us,-0.15977779,-2.4370027,-0.10587281,-0.6422932,0,0,0,0,0,0,0,0,0,0,0,0,0,0,2,1,0,0,-1.4243248,-0.5195302,0.31171632
1,2021-12-30 10:39:30,-1.3741834,0.9075785,slow traffic on golden state fwy s - i-5 s from ca-14 (i-5) to roxford st (i-5) due to accident.,golden state fwy s,sylmar,los angeles,ca,us,1.5585493,-1.5644445,-1.5993218,0.25817445,0,0,0,1,0,0,0,0,0,0,0,1,1,1,2,1,1,0,0.055601574,0.114938535,-0.35950798
1,2021-08-03 21:46:30,0.7618887,-0.4096118,slow traffic on fl-435 from florida's turnpike n to monterey dr due to accident.,conroy windermere rd,orlando,orange,fl,us,1.1179526,0.38932705,0.10747705,-0.6422932,0,0,0,0,0,0,0,0,0,0,0,0,0,0,2,1,0,0,-1.5462592,0.114938535,-0.13996764
2,2018-03-23 04:08:24,-0.046011653,-0.687551,accident on fuqua gardens vw at post oak rd.,s post oak rd,houston,harris,tx,us,0.7654753,0.9394181,0.12881203,1.5799973,0,0,0,0,0,0,0,0,0,1,0,0,0,0,2,0,0,0,-1.4243248,0.74940723,-0.6302744
1,2022-08-12 16:07:00,-1.5369607,-0.47728395,incident on ca-4 near s fresno ave expect delays.,w charter way,stockton,san joaquin,ca,us,-1.7899855,0.42726436,1.3875762,-0.6422932,0,0,0,0,0,0,0,0,0,0,0,1,1,1,2,1,0,0,0.6686071,-1.4168044,0.31130975
2,2017-11-29 08:27:40,0.789791,-0.687551,accident on steele meadow rd at cades cove dr.,cades cove dr,charlotte,mecklenburg,nc,us,-0.51225513,1.2429166,-0.8525973,0.7176156,0,0,0,0,0,0,0,0,0,0,0,1,1,1,2,0,0,0,0.6686071,-1.4168044,-0.57498276
1,2022-07-26 09:54:55,1.2100685,-0.42894667,incident on i-90 near i-90 drive with caution.,i-90 w,east greenbush,rensselaer,ny,us,-0.24789712,0.10479722,-0.5325725,-0.6422932,0,0,0,0,0,0,0,0,0,0,0,1,1,1,2,1,0,1,0.055601574,0.114938535,0.11413
2,2021-05-13 08:52:44,1.2534409,-0.687551,accident on express dr eastbound at cr-101 patchogue yaphank rd.,sills rd,medford,suffolk,ny,us,-1.0409712,0.82560617,-0.31922266,-0.6422932,0,0,0,0,0,0,0,0,0,1,0,1,1,1,2,0,0,0,1.6574624,0.114938535,-0.06109573
1,2022-03-19 08:52:00,-1.3048798,2.0918415,slow traffic on moreno valley fwy w - i-215 n - escondido fwy n - ca-60 w from cactus ave (i-215) to martin luther king blvd (i-215) due to accident.,e alessandro blvd,riverside,riverside,ca,us,-0.9969115,-2.361128,-1.5993218,-0.6422932,0,0,0,0,0,0,0,0,0,0,0,1,1,1,2,1,1,0,0.055601574,0.114938535,-0.12777095
2,2018-01-21 11:43:32,-1.3553196,-0.687551,accident on angeles forest hwy southbound at county hwy-n3 angeles forest hwy.,angeles forest hwy,valyermo,los angeles,ca,us,-0.7971684,1.110136,-0.6179125,0.14072216,0,0,0,0,0,0,0,1,0,0,0,1,1,1,2,0,0,1,0.055601574,0.114938535,-0.26112136
1,2019-10-16 22:46:17,-1.0129206,2.0918415,closed at id-40/exit 31 - road closed due to accident.,i-15 n,malad city,oneida,id,us,-0.29195678,-2.4370027,-0.9592722,-0.6422932,0,0,0,0,0,0,0,0,0,0,0,0,0,0,4,1,0,0,1.535528,0.74940723,-0.096466124
1,2020-09-25 20:14:54,-1.637462,2.0918415,incident on i-5 sb near mp 237 drive with caution.,i-5 s,albany,linn,or,us,1.5585493,0.085828565,-0.10587281,-0.6422932,0,0,0,0,0,0,0,0,0,0,0,0,0,1,2,1,0,0,-1.4243248,0.74940723,-0.13021028
1,2021-12-05 16:44:00,-1.3205256,2.0918415,stationary traffic on ca-210 w - foothill fwy w from day creek blvd (ca-210) to archibald ave/exit 58 (ca-210) due to accident.,milliken ave,rancho cucamonga,san bernardino,ca,us,-0.7325535,-1.2799146,-0.9592722,-0.6422932,0,0,0,0,0,0,0,0,0,0,0,0,1,1,2,1,0,0,-0.557404,-1.4168044,-0.20095107
3,2018-09-10 11:52:59,-1.3508075,-0.687551,accident on i-605 southbound at exit 13 slauson ave.,i-605 s,whittier,los angeles,ca,us,-0.46819547,0.38932705,-0.6179125,-0.2613523,0,0,0,0,0,0,0,0,0,0,0,1,1,1,3,0,0,0,-1.4243248,-0.5195302,0.09136285
1,2023-03-29 05:42:00,-1.3869457,-0.2766843,accident on ca-118 w - ronald reagan fwy w from stearns st (ca-118) to tapo canyon rd (ca-118).,ca-118 w,simi valley,ventura,ca,us,0.9417139,-1.1850713,0.10747705,2.3006148,0,0,0,0,0,0,0,0,0,0,0,0,0,1,2,1,0,0,-1.077085,1.2872838,-0.0058040856
1,2022-12-03 21:58:26,0.75842285,0.59096944,incident on i-80 eb near i-80 drive with caution.,i-80 e,hudson,summit,oh,us,0.23675925,-1.2230088,0.53417677,-0.6422932,0,0,0,0,0,0,0,0,0,0,0,0,0,0,2,1,0,0,0.055601574,-1.5430081,0.102339864
2,2019-03-28 08:59:09,-0.671022,-0.687551,accident on ivey rd at fm-76 north loop dr.,n loop dr,el paso,el paso,tx,us,-1.8340452,0.503139,-0.36189264,0.4360127,0,0,0,0,0,0,0,0,0,0,0,1,1,1,2,0,0,0,-0.557404,1.6466814,0.21739526
2,2019-11-27 09:47:05,-0.17843808,-0.687551,accident on 2nd st at oltorf st.,s 2nd st,austin,travis,tx,us,-1.4815679,-0.25560725,0.96087646,-0.6422932,0,0,0,0,0,0,0,0,0,0,0,1,1,1,2,0,0,0,1.535528,0.74940723,-0.07695142
2,2016-11-17 07:29:56,1.0107527,-0.6633824,left lane closed due to accident on md-355 rockville pike northbound at md-28 veirs mill rd.,veirs mill rd,rockville,montgomery,md,us,0.7214156,0.9014808,-0.5610388,0.46118397,0,0,0,0,0,0,0,0,0,1,0,1,1,1,2,0,1,0,0.055601574,0.114938535,-0.1050038
2,2019-01-08 09:38:08,-0.16616195,-0.687551,accident on penn ave southbound at 14th st.,n pennsylvania ave,oklahoma city,oklahoma,ok,us,-0.64443415,1.3377599,2.0916307,1.762585,0,0,0,0,0,0,0,0,0,0,0,1,1,1,3,0,0,0,1.6574624,0.114938535,-0.34405884
2,2018-03-15 15:34:48,0.9824783,-0.687551,accident on genesee st at monica st.,genesee st,rochester,monroe,ny,us,-0.95285183,-0.12282666,1.3449062,0.8673156,0,0,0,0,0,0,0,0,0,0,0,1,1,1,2,0,0,0,1.1882882,-1.0574068,-0.44976348
2,2020-03-05 06:06:20,1.2139032,-0.687551,accident on northern pkwy westbound at exit 31 guinea woods rd.,northern state pkwy w,old westbury,nassau,ny,us,-0.7766132,0.56004494,1.1742263,-0.6422932,0,0,0,0,0,0,0,0,0,0,0,0,1,1,2,0,0,0,1.535528,-0.5195302,0.34383425
1,2022-08-04 17:41:59,1.0102963,2.0918415,incident on i-95 sb near mm 171 right lane blocked. expect delays.,capital beltway,alexandria,fairfax,va,us,-0.4241358,0.6548883,1.600926,-0.6422932,0,0,0,0,0,0,0,0,0,0,0,1,1,1,2,1,0,0,-1.5462592,0.114938535,0.23772308
1,2022-04-28 16:37:34,1.0571778,-0.58120906,incident on e pembroke ave near e pembroke ave drive with caution.,center st,hampton,hampton (city),va,us,0.16801234,0.47339046,0.09921932,0.21880911,0,0,0,0,0,0,0,0,0,0,0,1,1,1,2,1,0,0,0.20499317,-0.09084589,-0.0033535217
1,2020-11-17 22:38:00,0.08065655,2.0918415,incident on i-210 wb near i-10 left lane blocked.,i-210 w,lake charles,calcasieu,la,us,0.1486399,1.3946658,0.10747705,-0.6422932,0,0,0,0,0,0,0,0,0,0,0,0,0,0,2,1,0,0,1.1882882,1.2872838,-0.3473113
1,2020-09-24 21:50:32,1.2329942,2.0918415,i-95 northbound is congested between exits 7 and 21 (16.8 miles) because of motor vehicle accident (2 vehicle) between exits 19 and 21. the left lane is closed. reported thursday september 24 at 4:53 pm.,i-95 n,southport,fairfield,ct,us,0.7214156,0.6169509,-0.9592722,-0.6422932,0,0,0,0,0,0,0,0,0,0,0,0,0,0,2,1,0,0,-0.557404,-1.4168044,-0.01718766
1,2022-05-23 20:16:31,-0.05094121,-0.13892314,incident on shadowdale dr near goodrum rd drive with caution.,shadowdale dr,houston,harris,tx,us,0.5011172,0.16170318,-0.10587281,-0.6422932,0,0,0,0,0,0,0,0,0,0,0,0,1,1,2,1,0,0,0.6686071,1.6466814,0.5922401
2,2021-01-19 13:38:11,-0.993422,-0.687551,accident on us-89 state st both ways at ut-173 spartan way.,s state st,salt lake city,salt lake,ut,us,-1.7899855,-2.4370027,0.96087646,-0.6422932,0,0,0,0,0,0,0,0,0,1,0,1,1,1,2,0,0,0,1.535528,-0.5195302,-0.36723256
2,2019-07-12 13:04:46,0.68466705,-0.687551,right lane blocked due to accident on cr-694 park blvd eastbound at 115th st.,115th st,seminole,pinellas,fl,us,0.63329625,0.6359196,0.10747705,2.3006148,0,0,0,0,0,0,0,0,0,0,0,1,1,1,2,0,0,0,-1.4243248,0.74940723,0.30561796
2,2017-09-22 11:37:41,1.0590696,-0.687551,accident on pa-501 furnace hills pike at mark v dr.,mark v dr,lititz,lancaster,pa,us,-0.11571811,0.74973154,0.36349687,1.0597471,0,0,0,0,0,0,0,0,0,0,0,1,1,1,2,0,0,0,1.1882882,-1.0574068,-0.35503587
2,2020-05-14 15:35:27,-0.94034684,-0.687551,accident on 6th ave at pennsylvania dr.,w pennsylvania dr,tucson,pima,az,us,-2.3627613,-2.4370027,-0.10587281,-0.6422932,0,0,0,0,0,0,0,1,0,1,0,1,1,1,2,0,0,0,1.535528,-0.5195302,-0.53148127
2,2016-12-22 18:14:19,-0.11319816,-0.6633824,#1 #2 &amp; #3 lane blocked and queueing traffic due to accident on i-635 northbound at exits 7b 8a 8b i-30.,lbj fwy n,mesquite,dallas,tx,us,-0.90879214,1.1860106,0.36349687,-0.037111547,0,0,0,0,0,0,0,0,0,0,0,0,1,1,3,0,0,0,1.6574624,0.114938535,0.61175483
2,2018-08-07 19:08:19,-0.9389363,-0.687551,accident on campbell ave at king st.,n campbell ave,tucson,pima,az,us,-0.7325535,0.16170318,1.1102214,-0.540497,0,0,0,0,0,0,0,1,0,0,0,1,1,1,2,0,0,0,-1.5462592,0.114938535,-0.09565301
1,2021-04-04 06:27:00,0.7603742,0.2236063,slow traffic from kissimmee to s orange blossom trl due to accident.,s poinciana blvd,kissimmee,osceola,fl,us,0.80953497,1.0911673,-0.9592722,-0.6422932,0,0,0,0,0,0,0,0,0,0,0,0,1,1,2,1,0,0,1.535528,0.74940723,-0.6888185
2,2019-01-28 18:46:48,1.1927325,-0.687551,right and center lane blocked due to accident on i-278 brooklyn queens expy westbound at exit 28 cadman plz.,brooklyn brg,brooklyn,kings,ny,us,-0.6884938,0.74973154,-0.1695602,2.3006148,0,0,0,0,0,0,0,0,0,0,0,0,0,0,3,0,1,0,0.055601574,0.114938535,-0.20582974
1,2020-10-20 14:28:00,0.60342103,-0.6803004,incident on s edwin c moses blvd near w 3rd st drive with caution.,s edwin c moses blvd,dayton,montgomery,oh,us,1.2941914,-0.710855,0.53417677,-0.6422932,0,0,0,0,0,0,0,0,0,1,0,1,1,1,2,1,0,0,0.6686071,1.6466814,-0.66442513
2,2020-05-28 09:13:19,1.1882019,-0.687551,right hand shoulder blocked due to accident on i-84 eastbound at exits 36a 36b i-87 exit 17.,i-84 e,newburgh,orange,ny,us,1.2941914,0.0099539375,-0.31922266,-0.6422932,0,0,0,0,0,0,0,0,0,0,0,1,1,1,2,0,0,1,0.055601574,0.114938535,0.7093283
2,2018-10-11 19:18:24,1.1654686,2.0918415,left lane closed due to accident and vehicle fire on us-22 eastbound from county hwy-529 washington ave to county hwy-645 rock ave.,us-22 e,plainfield,somerset,nj,us,1.206072,-0.084889345,0.13884872,1.0819169,1,0,0,0,0,0,0,0,0,1,0,0,1,1,2,0,1,0,0.055601574,0.114938535,0.10152675
2,2020-07-21 10:56:45,-1.6987765,-0.687551,lane blocked due to accident on us-101 southbound at exit 101.,us highway 101 n,klamath,del norte,ca,us,0.9857736,0.3324211,-0.10587281,-0.6422932,0,0,0,0,0,0,0,0,0,0,0,1,1,1,2,0,0,0,-1.4243248,-0.5195302,0.036884315
1,2019-10-04 09:18:53,-0.9936094,-0.36852512,closed at az-101-loop - road closed due to accident.,n pima rd,scottsdale,maricopa,az,us,-0.60037446,-2.4370027,-1.5993218,-0.6422932,0,0,0,0,0,0,0,0,0,1,0,1,1,1,4,1,1,0,0.055601574,0.114938535,0.64997107
2,2017-09-15 11:18:24,0.7981061,-0.687551,accident on elizabeth ave southbound at kings dr.,elizabeth ave,charlotte,mecklenburg,nc,us,-0.11571811,0.82560617,-0.6179125,0.7176156,0,0,0,0,1,0,0,0,0,1,0,1,1,1,2,0,0,1,0.055601574,0.114938535,0.6625743
1,2022-07-23 08:34:00,1.2081563,2.0918415,slow traffic on cross island pkwy s from hillside ave/exit 28 (cross island pkwy) to belmont ave/exit 26 (cross island pkwy) due to accident.,cross island pkwy s,bellerose,queens,ny,us,-0.95285183,0.6548883,0.3208269,-0.6422932,0,0,0,0,0,0,0,0,0,0,0,1,1,1,2,1,0,0,1.535528,-0.5195302,-0.39609805
1,2023-01-24 08:49:00,0.6766688,-0.28151804,incident on i-94 wb near cadieux expect delays.,edsel ford fwy w,detroit,wayne,mi,us,0.36893824,-0.3125132,-0.10587281,-0.6422932,0,0,0,0,0,0,0,0,0,0,0,1,1,1,4,1,0,0,-0.557404,-1.4168044,-0.0789842
1,2022-04-20 15:54:28,0.43304437,-0.43861413,stationary traffic on county hwy-197a - us-90 e - us-90 w - fl-10 from cr-197a/bell ln/school ln (us-90) to us-90 alt/fl-10/n davis hwy (us-90) due to accident.,highway 90,milton,santa rosa,fl,us,-0.7325535,0.6548883,0.96087646,-0.6422932,0,0,0,0,0,0,0,0,0,0,0,1,1,1,2,1,0,0,-1.5462592,0.114938535,-0.018813884
2,2018-11-22 14:43:48,0.09996942,-0.687551,accident on i-94 westbound at exit 250 county hwy-13 inwood ave.,us-12 e,saint paul,washington,mn,us,0.32487857,0.69282556,1.1102214,0.47539854,0,0,0,0,0,0,0,0,0,0,0,1,1,1,3,0,0,0,-1.077085,1.2872838,-0.20582974
2,2021-06-07 11:20:45,0.58503705,-0.687551,accident on sandy plains rd at canton rd.,canton rd,marietta,cobb,ga,us,0.8976543,-1.1850713,0.10747705,1.5645329,0,0,0,0,1,0,0,0,0,1,0,1,1,1,2,0,0,0,-1.4243248,0.74940723,0.76868546
1,2022-06-01 11:24:00,-1.3632449,-0.48453453,accident from s normandie ave to s raymond ave.,w 164th st,gardena,los angeles,ca,us,-0.46819547,0.25654647,-0.2560748,-0.6422932,0,0,0,0,0,0,0,0,0,0,0,1,1,1,2,1,0,0,-0.2584985,-0.49542546,-0.6888185
1,2021-12-08 16:20:40,0.68485993,-0.6609655,incident on 82nd ave n near 113rd st n drive with caution.,82nd ave,seminole,pinellas,fl,us,0.41299793,0.5979823,1.8142759,-0.6422932,0,0,0,0,0,0,0,0,0,0,0,1,1,1,2,1,0,0,-1.077085,-1.0574068,0.69347256
1,2022-09-16 18:37:34,0.47638592,0.87857616,stationary traffic on al-14 from us-31/al-3/n memorial dr (al-14) to al-143/main st/deatsville hwy (al-14) due to accident.,highway 14,prattville,elmore,al,us,-0.6884938,0.40829572,-0.5325725,-0.6422932,0,0,0,0,0,0,0,0,0,0,0,1,1,1,2,1,0,0,0.055601574,1.7728852,-0.40666848
2,2018-06-11 10:44:45,0.7973988,-0.687551,lane blocked due to accident on sunset crater pl at big bend dr.,sunset crater pl,lancaster,lancaster,sc,us,0.38747925,-0.070207044,-0.44333875,0.22312255,0,0,0,0,0,0,0,0,0,0,0,1,1,1,2,0,0,0,0.098345436,-0.3257922,-0.0033535217
2,2019-02-08 10:35:09,0.45700073,-0.687551,accident on rundle ave at fesslers ln.,i-24 e,nashville,davidson,tn,us,-0.5563148,1.8309449,0.36349687,1.3544902,0,0,0,0,0,0,0,0,0,0,0,1,1,1,2,0,0,0,1.6574624,0.114938535,-0.41683242
2,2018-04-20 14:39:35,0.9740233,-0.687551,lane blocked and right hand shoulder blocked due to accident on i-64 eastbound before exit 167 oilville rd.,oilville rd,oilville,goochland,va,us,-1.8340452,1.1860106,0.6195167,0.89281476,0,0,0,0,0,0,0,0,0,0,0,1,1,1,3,0,0,0,1.1882882,-1.0574068,-0.33308184
1,2020-12-13 20:02:00,1.0692427,-0.005995673,incident on i-264 wb near mm 17 expect delays.,va beach norfolk expy w,virginia beach,virginia beach,va,us,1.073893,0.6359196,-0.9592722,-0.6422932,0,0,0,1,0,0,0,0,0,0,0,0,0,0,2,1,0,0,-1.5462592,0.114938535,0.091769405
1,2022-09-14 13:28:00,-0.1743657,-0.5449561,incident on berkman dr near wheless ln drive with caution.,berkman dr,austin,travis,tx,us,-1.0409712,-0.69188637,-0.5325725,-0.6422932,0,0,0,0,0,0,0,0,0,0,0,1,1,1,2,1,0,1,0.055601574,0.114938535,-0.5424583
2,2017-10-09 12:46:28,-0.68166393,-0.687551,accident on 6th ave at us-62 stanton st.,s stanton st,el paso,el paso,tx,us,-2.010284,0.12376587,1.1102214,0.4360127,0,0,0,0,0,0,0,0,0,0,0,1,1,1,2,0,0,0,0.6686071,-1.4168044,-0.091994
1,2022-08-23 08:25:30,-1.579328,2.0918415,slow traffic on i-580 e from grove way (i-580) to foothill rd/san ramon rd (i-580) due to accident.,i-580 e,castro valley,alameda,ca,us,1.1179526,0.31345242,-1.5993218,-0.6422932,0,0,0,0,0,0,0,0,0,0,0,1,1,1,2,1,1,0,0.055601574,0.114938535,0.49426004
2,2017-03-09 12:00:25,0.83407086,-0.6633824,serious accident on i-95 southbound at exit 8b fl-932 103rd st.,i-95 s,miami,miami-dade,fl,us,-0.64443415,1.0721986,0.6195167,1.3100142,0,0,0,0,0,0,0,0,0,0,0,1,1,1,3,0,0,0,-0.557404,1.6466814,0.19950679
1,2021-07-30 16:00:59,1.2011243,-0.6319632,nysdot - region 11: crash on i-495 eastbound at exit 22a - grand central parkwy (new york) 1 left lane of 3 lanes blocked,long island expy e,forest hills,queens,ny,us,-1.3493888,0.16170318,2.0276258,-0.6422932,0,0,0,1,0,0,0,0,0,0,0,1,1,1,2,1,0,0,1.1882882,-1.0574068,0.26211646
1,2020-10-17 00:10:00,1.1931146,1.5480472,slow traffic from brooklyn bridge/exit 2 (fdr dr) to houston st/e 5th walk/exit 5 (fdr dr) due to accident.,montgomery st,new york,new york,ny,us,1.2501316,0.73076284,-0.10587281,1.5645329,0,0,0,0,0,0,0,0,0,1,0,0,0,0,2,1,0,1,0.055601574,0.114938535,-0.98153895
1,2020-12-29 02:17:48,-1.704974,-0.16792549,incident on or-42 eb near mp 4 drive with caution.,highway 42,coos bay,coos,or,us,1.2501316,1.0152928,-1.5993218,-0.6422932,0,0,0,0,0,0,0,0,0,0,0,0,0,0,2,1,1,0,0.055601574,0.114938535,0.5503648
1,2022-08-13 13:44:14,1.0281386,-0.6367969,incident on us-50 wb near exit 8 right lane blocked. expect delays.,us-50,bowie,prince george's,md,us,-1.3934485,0.7876688,-0.10587281,-0.6422932,0,0,0,1,0,0,0,0,0,0,0,1,1,1,2,1,0,0,1.6574624,0.114938535,0.12185456
2,2020-01-31 12:35:56,0.6857942,-0.687551,accident on sc-187 at us-76.,highway 76,pendleton,anderson,sc,us,1.2501316,-0.76776093,-0.31922266,-0.6422932,0,0,0,0,0,0,0,0,0,1,0,1,1,1,2,0,0,0,0.6686071,1.6466814,-0.42211765
2,2018-04-25 14:59:30,0.79542667,-0.687551,accident on south blvd at hebron st.,south blvd,charlotte,mecklenburg,nc,us,-0.33601645,0.21860915,-0.6179125,0.7176156,0,0,0,0,0,0,0,0,0,1,0,1,1,1,2,0,0,0,1.1882882,-1.0574068,0.20153958
2,2017-02-17 08:35:02,0.75696903,-0.687551,accident on blacksgate between okeefe point rd and kelly ln.,kelly ln,prosperity,newberry,sc,us,0.11773197,0.04589355,-0.477996,0.5260175,0,0,0,0,0,0,0,0,0,0,0,1,1,1,2,0,0,0,-0.050890278,-0.09870308,-0.0033535217
1,2022-06-15 13:06:33,1.0526968,0.25260866,incident on md-150 eb near md-43 road closed. take alternate route.,hercules ln,middle river,baltimore county,md,us,-0.29195678,0.82560617,-0.9592722,-0.6422932,0,0,0,0,0,0,0,0,0,1,0,1,1,1,4,1,0,0,-1.4243248,0.74940723,0.30033275
2,2018-12-11 07:53:01,0.7045078,-0.687551,two lanes blocked due to accident on i-275 southbound at exit 52 central ave.,i-275 n,tampa,hillsborough,fl,us,1.2501316,1.2239479,-0.1272078,1.6892837,0,0,0,0,0,0,0,0,0,0,0,1,1,1,3,0,0,0,1.535528,0.74940723,-0.029790903
1,2022-07-31 11:56:43,-1.6583406,-0.41202864,incident on or-223 sb near mm 18 drive with caution.,kings valley hwy,monmouth,polk,or,us,-1.5256275,0.0099539375,-0.9592722,-0.6422932,0,0,0,0,0,0,0,0,0,0,0,1,1,1,2,1,0,1,0.055601574,0.114938535,0.036071204
2,2019-05-11 14:44:26,-1.5904956,-0.687551,right lane blocked due to accident on wa-520 trl westbound at evergreen point rd.,evergreen point rd,medina,king,wa,us,-1.5256275,0.31345242,-0.10587281,-0.6422932,0,0,0,0,0,0,0,0,0,0,0,1,1,1,2,0,0,0,-1.077085,-1.0574068,-0.1903806
2,2019-07-10 07:51:17,-0.15278645,-0.687551,shoulder blocked due to accident on i-35w southbound at golden triangle blvd.,i-35w n,fort worth,tarrant,tx,us,0.63329625,-0.90054154,0.53417677,-0.6422932,0,0,0,0,0,0,0,0,0,0,0,1,1,1,2,0,0,0,-1.5462592,0.114938535,-0.023286004
3,2020-05-24 18:10:33,-1.3579296,-0.687551,lane blocked due to accident on i-405 southbound near exit 32a i-710 exit 4.,i-710 s,long beach,los angeles,ca,us,-0.33601645,0.2755151,1.1742263,-0.6422932,0,0,0,0,0,0,0,0,0,0,0,1,1,1,3,0,0,0,0.055601574,-1.5430081,0.44669294
1,2021-12-01 17:08:17,1.1930017,2.0918415,incident on i-90 eb near i-90 drive with caution.,i-90 e,schenectady,schenectady,ny,us,-0.20383745,0.06685991,-1.5993218,-0.6422932,0,0,0,0,0,0,0,0,0,0,0,0,1,1,2,1,1,0,0.055601574,0.114938535,0.44018805
1,2020-11-23 20:46:46,1.0650506,-0.18726039,incident on industrial cir near horseshoe rd drive with caution.,horseshoe rd,leola,lancaster,pa,us,0.10458023,0.1996405,-0.10587281,-0.6422932,0,0,0,0,1,0,0,0,0,0,0,0,0,0,2,1,0,0,0.6686071,-1.4168044,-0.13346273
1,2022-01-17 08:02:00,-1.490795,2.0362535,incident on ca-152 wb near flanagan rd expect delays.,ca-152,el nido,merced,ca,us,1.3823106,0.46520168,-0.9592722,-0.6422932,0,0,0,0,0,0,0,0,0,0,0,1,1,1,2,1,0,0,-1.5462592,0.114938535,0.23812963
1,2022-09-26 14:31:00,-1.5766466,-0.547373,incident on tasman dr near house 1085 drive with caution.,tasman dr,sunnyvale,santa clara,ca,us,0.1486399,0.46520168,0.96087646,-0.6422932,0,0,0,0,1,0,1,0,0,0,0,1,1,1,2,1,0,0,1.535528,-0.5195302,-0.0789842
2,2019-02-13 06:02:56,0.44549397,-0.687551,accident on tn-12 ashland city hwy southbound at pecan valley rd.,ashland city hwy,nashville,davidson,tn,us,-0.24789712,1.05323,-0.6179125,1.3544902,0,0,0,0,0,0,0,0,0,0,0,0,1,1,2,0,0,0,0.055601574,-1.5430081,0.2608968
1,2023-01-24 17:39:15,-0.012448702,-0.600544,accident on us-56 e from w 175th st to i-35 n.,us-56,gardner,johnson,ks,us,0.7654753,-1.4885699,-1.5993218,-0.6422932,0,0,0,0,0,0,0,0,0,0,0,0,1,1,2,1,1,0,0.055601574,0.114938535,-0.31681958
1,2021-10-09 12:51:00,-1.0113347,-0.5401224,incident on n 65th ave near w camelback rd expect delays.,w camelback rd,glendale,maricopa,az,us,-1.3493888,-1.7351624,-0.31922266,-0.6422932,0,0,0,0,0,0,0,0,0,0,0,1,1,1,2,1,0,0,-1.4243248,-0.5195302,-0.15216433
2,2019-07-24 16:38:23,-0.17026602,-0.687551,accident on macarthur blvd northbound at i-40 exit 144.,s macarthur blvd,oklahoma city,oklahoma,ok,us,-1.4375082,-1.7730998,-0.5325725,-0.6422932,0,0,0,0,0,0,0,0,0,0,0,1,1,1,2,0,0,1,0.055601574,0.114938535,-0.31356713
1,2021-09-17 06:27:00,-1.5150973,0.3081965,incident on ca-140 wb near house 26028 drive with caution.,state highway 140,gustine,merced,ca,us,1.2941914,0.047891248,-0.31922266,-0.6422932,0,0,0,0,0,0,0,0,0,0,0,0,1,1,2,1,0,0,1.1882882,-1.0574068,-0.42049143
1,2021-04-28 06:05:30,-1.3249003,2.0918415,slow traffic on san bernardino fwy e - i-10 e from exit [53] to exit [58a] due to accident.,i-10 e,ontario,san bernardino,ca,us,0.5451769,-1.2419773,-1.5993218,-0.6422932,0,0,0,0,0,0,0,0,0,0,0,1,1,1,2,1,1,0,0.055601574,0.114938535,0.32350644
1,2022-02-11 02:59:20,0.74139,-0.5763753,incident on battleground rd near cash peach rd drive with caution.,battleground rd,cowpens,cherokee,sc,us,0.016460894,-0.9574475,-1.5993218,-0.6422932,0,0,0,0,0,0,0,0,0,0,0,0,0,0,2,1,1,0,0.055601574,0.114938535,0.1242939
2,2020-11-26 08:03:04,-0.22684273,-0.687551,accident on us-90 at callaghan rd.,s callaghan rd,san antonio,bexar,tx,us,-0.24789712,-0.72982365,-1.5993218,-0.6422932,0,0,0,0,0,0,0,1,0,0,0,1,1,1,2,0,1,0,0.055601574,0.114938535,0.069002256
2,2019-12-18 16:18:01,-0.027621895,-0.687551,right lane blocked and right hand shoulder blocked due to accident on sam houston tlwy northbound at pasadena fwy.,e sam houston tollway s,houston,harris,tx,us,-1.8340452,1.2618853,-0.10587281,-0.6422932,0,0,0,0,0,0,0,0,0,0,0,1,1,1,2,0,0,0,1.6574624,0.114938535,0.62883013
2,2021-09-29 07:25:59,0.74082035,-0.687551,accident on cr-840 alico rd at cam ct.,alico rd,fort myers,lee,fl,us,0.8535946,0.5979823,-1.5993218,-0.6422932,0,0,0,0,1,0,0,0,0,0,0,1,1,1,2,0,1,0,0.055601574,0.114938535,-0.6404383
1,2018-02-26 17:34:23,0.6982568,-0.47486708,at sr-64/manatee ave - accident.,1st st,bradenton,manatee,fl,us,0.8535946,0.9394181,-0.1272078,0.6702609,0,0,0,0,0,0,0,0,0,0,0,1,1,1,2,1,0,0,-0.557404,-1.4168044,-0.435534
1,2016-05-18 12:40:31,-1.4038156,0.26469296,at union avenue/exit 11 - accident.,ca-99 n,bakersfield,kern,ca,us,-1.9662242,0.46520168,-0.1272078,-0.48985267,0,0,0,0,0,0,0,0,0,0,0,1,1,1,2,1,0,1,0.055601574,0.114938535,-0.3103147
2,2018-11-12 07:13:27,-1.3524501,-0.687551,accident on allen ave at new york dr.,new york dr,altadena,los angeles,ca,us,-0.27006543,-0.06981726,-0.20748493,0.25817445,0,0,0,0,0,0,0,0,0,1,0,1,1,1,2,0,0,0,-0.114170074,-0.40919745,-0.0033535217
2,2022-01-21 06:34:01,-0.17129457,-0.687551,accident on 63rd st at rockwell ave.,nw 63rd st,bethany,oklahoma,ok,us,-0.46819547,-1.2230088,-0.31922266,-0.6422932,0,0,0,0,0,0,0,0,0,1,0,0,0,1,2,0,0,0,-1.077085,1.2872838,-0.44447824
1,2021-02-08 21:20:00,1.0990499,1.4489558,stationary traffic on us-422 w - pottstown expy w - pottstown byp w from evergreen rd (us-422) to pa-724 (us-422) due to accident.,pottstown expy w,pottstown,montgomery,pa,us,0.016460894,0.7687002,-0.9592722,-0.6422932,0,0,0,0,0,0,0,0,0,0,0,0,0,0,2,1,0,0,0.6686071,1.6466814,0.65281695
2,2019-08-09 16:36:25,1.3545853,-0.44586474,accident on galen st between water st and morse st.,hunt st,watertown,middlesex,ma,us,-1.2172098,-0.29354456,0.53417677,-0.6422932,1,0,0,0,0,0,0,0,0,1,0,1,1,1,2,0,0,0,0.055601574,-1.5430081,-0.45911428
1,2018-11-22 13:49:02,0.12682037,-0.6561318,closed at us-10/us-63/w main st - road closed due to accident.,e main st,ellsworth,pierce,wi,us,-0.20383745,0.69282556,1.3449062,0.6451572,0,0,0,0,0,0,0,0,0,0,0,1,1,1,4,1,0,0,-1.077085,1.2872838,-0.12695783
1,2020-04-30 15:14:00,-1.2965337,-0.687551,at i-5/san diego fwy/florida dr/b st - accident.,26th st,san diego,san diego,ca,us,-0.15977779,0.46520168,0.10747705,-0.6422932,0,0,0,0,0,0,0,0,0,1,0,1,1,1,2,1,0,0,-1.4243248,-0.5195302,0.5796369
1,2022-03-15 16:01:18,1.1190785,-0.4869514,incident on garrett rd near huntley rd expect delays.,garrett rd,upper darby,delaware,pa,us,-1.5696872,0.86354345,-0.10587281,-0.6422932,0,0,0,0,0,0,0,0,0,0,0,1,1,1,2,1,0,0,-1.5462592,0.114938535,0.1966609
1,2020-10-25 02:20:00,1.1899922,-0.5401224,incident on holland tunl eb near new jersey three lanes blocked. expect delays.,holland tunl e,jersey city,hudson,nj,us,0.060520563,0.6548883,-0.5325725,-0.6422932,0,0,0,0,0,0,0,0,0,0,0,0,0,0,2,1,0,1,0.055601574,0.114938535,0.7259971
1,2017-05-09 10:44:48,-0.15242423,0.3033628,at i-35w/us-287/exit 16 - accident.,i-820 w,fort worth,tarrant,tx,us,-0.07917036,-0.2299,0.42322204,1.7589697,0,0,0,0,0,0,0,0,0,0,0,1,1,1,2,1,0,0,-0.09733651,0.24617864,-0.0033535217
2,2016-09-23 08:55:43,-1.3262717,-0.687551,accident on ca-91 westbound at exit 44 green river rd.,ca-91 w,corona,riverside,ca,us,-0.20383745,0.7117942,-0.120655395,-0.122452855,0,0,0,0,0,0,0,0,0,0,0,1,1,1,2,0,0,0,1.6574624,0.114938535,0.011677831
1,2022-03-19 19:25:54,0.68762743,-0.66579926,incident on curlew rd near belcher rd drive with caution.,belcher rd,dunedin,pinellas,fl,us,0.8535946,0.7117942,0.3208269,-0.6422932,0,0,0,0,0,0,0,0,0,1,0,1,1,1,2,1,0,0,-1.4243248,-0.5195302,-0.64247113
2,2019-11-28 14:14:05,0.0054020477,-0.687551,left lane closed due to accident on i-70 eastbound at us-71 exit 2l.,charlotte st,kansas city,jackson,mo,us,0.8976543,-0.19870128,-0.10587281,-0.6422932,0,0,0,0,0,0,0,0,0,0,0,1,1,1,3,0,0,0,0.055601574,1.7728852,0.50848955
1,2023-02-13 06:17:30,-1.3672317,2.0918415,slow traffic on i-405 n - san diego fwy n from i-105/imperial hwy (i-405) to ca-2/santa monica blvd (i-405) due to accident.,i-405 n,inglewood,los angeles,ca,us,0.67735595,0.25654647,-0.5325725,-0.6422932,0,0,0,0,0,0,0,0,0,0,0,0,1,1,2,1,0,0,0.055601574,1.7728852,-0.2619345
1,2022-02-24 06:42:00,-1.3753897,2.0918415,slow traffic on golden state fwy s - i-5 s from calgrove blvd (i-5) to i-405 (i-5) due to accident.,golden state fwy s,newhall,los angeles,ca,us,-1.6578065,-0.55910575,0.53417677,-0.6422932,0,0,0,0,0,0,0,0,0,0,0,1,1,1,2,1,0,0,1.6574624,0.114938535,-0.20095107
2,2018-09-26 08:17:54,-0.9838125,-0.687551,accident on higley rd at warner rd.,e warner rd,gilbert,maricopa,az,us,-0.9969115,0.56004494,-0.04898421,-0.15232848,0,0,0,0,0,0,0,0,0,0,0,1,1,1,2,0,1,0,0.055601574,0.114938535,0.77234447
1,2017-05-26 13:29:13,0.39210618,2.0918415,between willow rd and il-58/golf rd - accident.,tri state tollway s,northbrook,cook,il,us,0.32487857,0.35138974,-0.1272078,1.5540141,0,0,0,1,0,0,0,0,0,0,0,1,1,1,3,1,0,0,0.6686071,1.6466814,-0.53717303
2,2021-01-28 09:08:07,-1.3597053,-0.687551,#1 and #2 lane blocked due to accident on us-101 northbound near alameda st.,santa ana fwy n,los angeles,los angeles,ca,us,-0.8647325,0.2755151,-0.31922266,-0.6422932,0,0,0,0,0,0,0,0,0,1,0,1,1,1,2,0,0,0,0.055601574,1.7728852,0.41172913
2,2018-01-12 15:33:40,-0.075856656,-0.687551,accident on saddle creek rd at emile st.,s saddle creek rd,omaha,douglas,ne,us,-0.38007614,1.7171329,1.3449062,2.3006148,0,0,0,0,0,0,0,0,0,1,0,1,1,1,2,0,0,0,1.6574624,0.114938535,-0.42862254
2,2016-07-29 13:21:01,1.0341922,-0.687551,accident on king st near hartley st.,w king st,york,york,pa,us,-0.07165845,0.38932705,-0.8525973,0.6919149,0,0,0,0,0,0,0,0,0,1,0,1,1,1,2,0,0,1,0.055601574,0.114938535,0.7020103
2,2019-08-14 10:37:49,0.4698367,-0.687551,accident on us-411 ashville rd at whitfield ave.,whitfield ave,leeds,st. clair,al,us,-0.6884938,-0.69188637,-0.10587281,-0.6422932,0,0,0,0,0,0,0,0,0,0,0,1,1,1,2,0,0,0,1.535528,-0.5195302,-0.35178342
2,2020-11-09 14:47:01,-0.67117953,-0.687551,accident on pebble hills blvd at george dieter dr.,george dieter dr,el paso,el paso,tx,us,-1.7459259,-2.4370027,2.0276258,0.4360127,0,0,0,0,0,0,0,0,0,1,0,1,1,1,2,0,0,0,0.055601574,-1.5430081,0.18974945
2,2017-01-26 08:28:00,1.0359259,-0.6633824,right lane blocked due to accident on i-95 northbound at exits 47a-b 47b-a i-195.,i-95 n,halethorpe,baltimore county,md,us,0.80953497,-0.3694192,-0.002694767,0.75156593,0,0,0,0,0,0,0,0,0,0,0,1,1,1,3,0,1,0,0.055601574,0.114938535,-0.6156384
2,2016-10-04 15:57:23,0.64560384,-0.687551,right hand shoulder blocked due to accident on i-96 westbound at exit 162 novi rd.,i-96 w,novi,oakland,mi,us,-0.07165845,0.92044944,0.6195167,2.3006148,0,0,0,0,0,0,0,0,0,0,0,1,1,1,3,0,0,0,-0.557404,1.6466814,0.12551357
1,2021-06-08 01:55:53,1.1558231,1.1492648,incident on atlantic city expy wb near leipzig ave expect long delays.,atlantic city expy w,mays landing,atlantic,nj,us,1.1620123,0.6169509,-0.9592722,-0.6422932,0,0,0,0,0,0,0,0,0,0,0,0,0,0,2,1,0,0,-1.4243248,-0.5195302,0.064530134
1,2022-04-27 10:19:00,1.2045243,2.0918415,stationary traffic on taconic state pkwy s from cr-21/peekskill hollow rd (taconic state pkwy) to bryant pond rd (taconic state pkwy) due to accident.,taconic state pkwy,putnam valley,putnam,ny,us,-0.64443415,-0.5211684,2.2398665,-0.6422932,0,0,0,1,0,0,0,1,0,0,0,1,1,1,2,1,0,0,1.1882882,-1.0574068,-0.6156384
2,2017-03-20 01:42:58,-1.2868515,-0.6633824,right hand shoulder blocked due to accident on ca-905 westbound at britannia blvd.,ca-905 w,san diego,san diego,ca,us,0.9857736,0.82560617,-0.24481288,0.8511517,0,0,0,1,0,0,0,0,0,0,0,0,0,0,2,0,1,0,0.055601574,0.114938535,-7.617349
2,2021-09-24 16:36:39,0.0016976405,-0.687551,lane blocked due to accident on i-29 southbound at exit 5 mo-45 64th st.,i-29 n,kansas city,platte,mo,us,-1.0409712,-0.9953848,0.3208269,-0.6422932,0,0,0,0,0,0,0,0,0,0,0,1,1,1,3,0,0,0,1.535528,-0.5195302,-0.40463573
1,2022-06-21 16:50:00,-1.5446022,-0.08575215,incident on rood ave near house 1041 drive with caution.,acme ave,sacramento,sacramento,ca,us,-2.539,0.06685991,0.53417677,-0.6422932,0,0,0,0,0,0,0,0,0,0,0,1,1,1,2,1,0,0,1.1882882,-1.0574068,0.018589286
1,2021-11-29 17:07:46,0.7992631,0.07134394,slow traffic from norris ave (n graham st) to i-85 (n graham st) due to accident.,amble dr,charlotte,mecklenburg,nc,us,-1.5256275,-0.710855,-1.5993218,-0.6422932,0,0,0,0,0,0,0,0,0,0,0,1,1,1,2,1,1,0,0.055601574,0.114938535,0.40319145
2,2017-02-24 17:25:19,-0.17739195,-0.6633824,queueing traffic due to accident on mcneil dr at fm-734 parmer ln.,mcneil dr,austin,travis,tx,us,-1.9221646,0.40829572,0.12881203,1.2635992,0,0,0,0,0,0,0,0,0,1,0,1,1,1,2,0,0,0,1.6574624,0.114938535,-0.6079138
1,2021-02-01 08:36:03,1.2455139,1.5117942,motor vehicle accident (2 vehicle) on rt15 southbound between exits 56 and 55. the right lane is closed. reported monday february 1 at 12:35 am.,ct-15 s,milford,new haven,ct,us,0.8535946,0.5979823,2.2398665,1.5645329,0,0,0,0,0,0,0,0,0,0,0,1,1,1,2,1,0,0,1.535528,0.74940723,0.0685957
2,2019-02-12 09:47:36,0.79468197,-0.687551,accident on catawba ave at montrachet ln.,montrachet ln,cornelius,mecklenburg,nc,us,1.2501316,0.74973154,-0.24332617,0.8664004,0,0,0,0,0,0,0,0,0,0,0,1,1,1,2,0,1,0,0.055601574,0.114938535,-0.039954808
1,2018-08-19 16:52:01,-1.6338513,1.8839911,at or-213/market st/exit 256 - accident.,i-5 n,salem,marion,or,us,-1.4815679,0.52210766,0.12881203,2.3006148,0,0,0,0,0,0,0,0,0,0,0,1,1,1,2,1,0,0,0.6686071,-1.4168044,-0.078577645
2,2018-10-16 07:56:22,0.46005738,-0.687551,accident on tn-255 harding pl at antioch pike.,antioch pike,nashville,davidson,tn,us,0.80953497,1.1860106,-0.36189264,1.3544902,0,0,0,0,0,0,0,0,0,0,0,1,1,1,2,0,0,0,1.6574624,0.114938535,0.10071364
1,2021-05-14 04:26:00,0.82923776,0.61755496,stationary traffic on fl-823 from miami lakes dr (fl-823) to fl-916/138th st/84th st (fl-823) due to accident.,nw 57th ave,hialeah,miami-dade,fl,us,0.8976543,0.6359196,0.10747705,-0.6422932,0,0,0,0,0,0,0,0,0,0,0,0,0,0,2,1,0,0,1.535528,-0.5195302,0.82357055
2,2019-11-15 07:00:19,-0.05053204,-0.687551,accident on meadowglen ln at elmside dr.,elmside dr,houston,harris,tx,us,1.073893,1.2618853,0.53417677,-0.6422932,0,0,0,0,0,0,0,1,0,0,0,1,1,1,2,0,0,0,1.6574624,0.114938535,0.19706745
2,2018-07-02 05:13:45,-1.5430293,-0.687551,accident on us-50 eastbound at exit 9 ca-16 howe ave.,us-50 e,sacramento,sacramento,ca,us,1.0298333,0.40829572,0.36349687,0.11545907,0,0,0,1,0,0,0,0,0,0,0,0,1,1,2,0,0,0,-1.5462592,0.114938535,0.59793186
1,2021-11-27 14:58:00,0.4681516,1.6084688,incident on s fl-123 near s fl-85 expect delays.,sr-123,eglin air force base,okaloosa,fl,us,-1.3493888,0.6548883,-0.31922266,-0.6422932,0,0,0,0,0,0,0,0,0,0,0,1,1,1,2,1,0,0,-1.4243248,-0.5195302,0.06737603
2,2019-02-11 10:37:30,0.20344782,-0.687551,accident on college dr both ways at rabey st.,rabey st,baton rouge,east baton rouge,la,us,0.9857736,0.6548883,-0.1272078,2.3006148,0,0,0,0,0,0,0,0,0,1,0,1,1,1,2,0,0,0,-1.077085,1.2872838,-0.35950798
2,2021-02-24 18:39:07,0.7306819,-0.687551,accident on oak grove rd at blackstock rd.,oak grove rd,spartanburg,spartanburg,sc,us,-1.6137469,-0.9574475,-0.31922266,-0.6422932,0,0,0,0,0,0,0,0,0,0,0,0,1,1,2,0,0,0,-1.077085,-1.0574068,0.119008675
2,2019-06-28 12:18:31,-0.11885762,-0.687551,hov and #1 lane blocked due to accident on us-75 central expy southbound at arapaho rd.,us-75 n,richardson,dallas,tx,us,-0.6884938,-0.4452938,0.3208269,-0.6422932,0,0,0,0,0,0,0,0,0,1,0,1,1,1,2,0,0,0,-1.077085,-1.0574068,-0.6762153
1,2022-11-01 14:45:04,1.0936548,-0.5522067,incident on e south st near s union st drive with caution.,e south st,kennett square,chester,pa,us,0.36893824,-0.61601174,0.53417677,-0.6422932,0,0,0,0,0,0,0,0,0,0,0,1,1,1,2,1,0,0,0.6686071,-1.4168044,-0.22371821
2,2019-02-10 22:13:17,1.1816115,-0.687551,left lane blocked due to accident on us-1-9 southbound at haynes ave.,us highway 1 and 9,newark,essex,nj,us,-1.1731502,1.4326031,-0.1272078,0.66169906,0,0,0,0,0,0,0,0,0,0,0,0,0,0,2,0,0,0,-0.557404,-1.4168044,0.56215495
1,2020-01-26 07:44:00,-1.5462421,-0.687551,at i-80-br/us-50 - accident.,capital city fwy e,sacramento,sacramento,ca,us,1.2501316,0.9014808,-0.10587281,-0.6422932,0,0,0,0,0,0,0,0,0,0,0,1,1,1,2,1,0,0,-1.5462592,0.114938535,-0.20095107
2,2018-05-07 09:02:34,-1.5877149,-0.687551,right hand shoulder blocked due to accident on alpine rd westbound at i-280.,junipero serra fwy n,palo alto,santa clara,ca,us,0.07433991,0.92044944,0.06913285,0.25817445,0,0,0,0,0,0,0,0,0,0,0,1,1,1,2,0,1,0,0.055601574,0.114938535,1.8619151
1,2022-09-19 06:01:53,0.5185944,-0.65129805,wb m-11 (28th st) at us-131 interchange,28th st sw,grand rapids,kent,mi,us,0.9857736,-1.4126953,0.10747705,-0.6422932,0,0,0,0,0,0,0,0,0,0,0,0,0,1,2,1,0,0,0.6686071,-1.4168044,0.23528375
2,2019-08-15 20:55:49,0.49113953,-0.687551,lane blocked due to accident on i-65 northbound at exit 113 12th st.,i-65 n,indianapolis,marion,in,us,-0.11571811,-1.0902281,-0.31922266,-0.6422932,0,0,0,0,0,0,0,0,0,0,0,0,1,1,3,0,0,0,1.1882882,-1.0574068,0.08729728
2,2018-11-14 08:06:15,0.08434007,1.3909512,lane blocked due to accident on mn-280 southbound between broadway st and county hwy-30 larpenteur ave.,larpenteur ave w,saint paul,ramsey,mn,us,0.5451769,1.5464151,0.36349687,0.47539854,0,0,0,0,0,0,0,0,0,0,0,1,1,1,2,0,0,0,-1.4243248,0.74940723,0.34180146
2,2022-02-09 06:52:45,0.7939171,-0.687551,crash on tyvola rd near nc-49 tryon st.,w tyvola rd,charlotte,mecklenburg,nc,us,1.206072,-0.710855,-1.5993218,-0.6422932,0,0,0,0,0,0,0,0,0,1,0,0,1,1,2,0,1,0,0.055601574,0.114938535,0.036884315
2,2018-10-30 07:58:15,0.66659814,-0.687551,two lanes blocked due to accident on i-696 eastbound at exit 18 i-75.,i-696 e,royal oak,oakland,mi,us,0.9417139,0.8825121,0.33594474,0.361144,0,0,0,0,0,0,0,0,0,0,0,0,1,1,3,0,1,0,0.055601574,0.114938535,0.09786775
1,2018-07-30 15:54:06,0.5236173,-0.687551,at leonard st ne - accident. left lane blocked.,leonard st ne,grand rapids,kent,mi,us,-0.90879214,0.74973154,0.12881203,0.66296124,0,0,0,0,0,0,0,0,0,1,0,1,1,1,2,1,0,0,-1.077085,1.2872838,0.045421995
1,2022-07-13 18:10:42,-0.12830803,-0.15100744,incident on s cockrell hill rd near love bird ln drive with caution.,s cockrell hill rd,dallas,dallas,tx,us,-1.7899855,-0.9574475,-0.9592722,-0.6422932,0,0,0,0,0,0,0,0,0,0,0,1,1,1,2,1,0,1,0.055601574,0.114938535,0.45035198
1,2023-02-12 20:31:00,-1.2980813,-0.45794904,accident on i-8 e - kumeyaay highway from hotel cir (i-8) to ca-163 (i-8).,i-8 e,san diego,san diego,ca,us,1.4263703,-0.3694192,0.10747705,2.3006148,0,0,0,0,0,0,0,0,0,0,0,0,0,0,2,1,0,0,0.055601574,1.7728852,0.06737603
2,2018-02-09 11:45:00,0.26544932,-0.687551,accident on i-10 westbound at saint bernard ave.,i-10 w,new orleans,orleans,la,us,0.2808189,0.9014808,0.10747705,-0.6422932,0,0,0,0,0,0,0,0,0,0,0,1,1,1,2,0,0,0,-1.077085,1.2872838,-0.22534443
1,2020-11-13 10:37:00,-1.5675796,0.52088046,slow traffic on ca-4 e from loveridge rd (ca-4) to somersville rd (ca-4) due to accident.,ca-4,antioch,contra costa,ca,us,-0.60037446,0.74973154,0.96087646,-0.6422932,0,0,0,0,0,0,0,0,0,0,0,1,1,1,2,1,0,0,-1.4243248,0.74940723,-0.37170467
2,2021-02-01 06:39:54,0.7425989,-0.687551,accident on i-75 southbound at exit 128 cr-840 alico rd.,i-75 n,fort myers,lee,fl,us,0.7214156,0.3703584,0.3208269,2.3006148,0,0,0,0,0,0,0,0,0,0,0,0,1,1,2,0,0,0,0.6686071,-1.4168044,-0.3009639
2,2017-10-19 08:10:03,-0.59210724,-0.687551,accident on co-224 74th ave at dahlia st.,dahlia st,commerce city,adams,co,us,-0.6884938,0.5979823,-0.36189264,-0.27148235,0,0,0,0,0,0,0,0,0,1,0,1,1,1,2,0,0,0,0.055601574,-1.5430081,0.3125294
1,2022-07-07 15:08:04,0.5226572,-0.56187415,incident on 29th st near breton rd drive with caution.,29th st se,grand rapids,kent,mi,us,-0.38007614,-1.1281655,-1.5993218,-0.6422932,0,0,0,0,0,0,0,0,0,0,0,1,1,1,2,1,1,0,0.055601574,0.114938535,0.3861161
2,2022-04-14 08:25:41,-0.08725958,-0.687551,multi-vehicle crash on harrison st near 169th ave.,harrison st,omaha,douglas,ne,us,-0.90879214,-1.5644445,1.3875762,-0.6422932,0,0,0,0,0,0,0,0,0,0,0,1,1,1,2,0,0,0,0.055601574,-1.5430081,0.27919182
2,2021-11-01 04:20:48,0.72247815,-0.687551,accident on i-75 northbound at exit 314 fl-48.,i-75 s,bushnell,sumter,fl,us,1.5585493,0.7117942,-1.5993218,-0.6422932,0,0,0,0,0,0,0,0,0,0,0,0,0,0,2,0,1,0,0.055601574,0.114938535,0.16007085
2,2019-04-03 15:20:15,-1.0214524,-0.687551,accident on us-60 grand ave at meeker blvd.,w grand ave,sun city west,maricopa,az,us,-1.7459259,-1.6972251,0.10747705,-0.6422932,0,0,0,0,0,0,0,0,0,0,0,1,1,1,2,0,0,0,-1.4243248,0.74940723,0.5613418
2,2016-05-28 00:43:10,-1.2921435,-0.6633824,accident on i-10 eastbound at exit 87 county line ln.,i-10 e,yucaipa,san bernardino,ca,us,1.4263703,-2.4370027,-0.5325725,-0.6422932,0,0,0,1,0,0,0,0,0,0,0,0,0,0,3,0,0,0,0.055601574,-1.5430081,-0.34324571
2,2017-10-20 06:56:30,-0.9969579,-0.687551,accident on az-202 loop westbound at exit 6 center pkwy.,az-202 loop w,tempe,maricopa,az,us,-0.9969115,0.16170318,-0.36189264,-0.15838233,0,0,0,0,0,0,0,0,0,0,0,1,1,1,2,0,0,0,0.055601574,1.7728852,0.15275283
2,2017-10-13 14:04:42,-0.040677886,-0.687551,accident on i-69 southbound at tx-288.,us-59 n,houston,harris,tx,us,-0.8206728,0.73076284,0.30358094,1.5799973,0,0,0,0,0,0,0,0,0,0,0,1,1,1,3,0,1,0,0.055601574,0.114938535,0.255205
2,2021-01-19 17:31:53,0.73515475,-0.687551,accident on old canaan rd at sc-215 stone station rd.,stone station rd,spartanburg,spartanburg,sc,us,-1.3053292,-0.55910575,-0.31922266,-0.6422932,0,0,0,0,0,0,0,0,0,0,0,1,1,1,2,0,0,0,-1.077085,-1.0574068,-0.05743672
1,2021-12-30 06:35:53,-1.3013601,2.0918415,the highway is closed to trucks due to low visibility and multiple slide off's. use alternate. routes.,i-84 w,huntington,malheur,or,us,0.67735595,-2.4370027,-1.5993218,-0.6422932,0,0,0,0,0,0,0,0,0,0,0,0,1,1,2,1,1,0,0.055601574,0.114938535,-0.39894393
2,2017-09-20 15:45:37,-0.17585066,-0.687551,accident on poquoson dr at columbine dr.,poquoson dr,austin,travis,tx,us,-0.8206728,0.2755151,0.6195167,1.2635992,0,0,0,0,0,0,0,0,0,0,0,1,1,1,2,0,0,0,-1.4243248,0.74940723,-0.112728365
1,2022-12-13 15:47:00,1.2148964,-0.5787922,nysdot - region 8: crash on ny 121 northbound at cross river road (lewisboro) right shoulder of 1 lane blocked,route 35,cross river,westchester,ny,us,-1.0409712,0.10479722,-0.10587281,-0.6422932,0,0,0,0,0,0,0,0,0,0,0,1,1,1,2,1,0,1,0.055601574,0.114938535,-0.12777095
1,2022-09-23 16:03:40,1.0166944,-0.6029608,incident on constitution ave near constitution ave drive with caution.,constitution ave nw,washington,district of columbia,dc,us,-1.5256275,0.6738569,2.2398665,-0.6422932,0,0,0,0,0,0,0,0,0,0,0,1,1,1,2,1,0,0,1.535528,-0.5195302,0.30317864
2,2021-02-04 11:10:34,-0.21893828,-0.687551,accident on broadway st at gulfmart dr.,broadway st,san antonio,bexar,tx,us,0.5892366,-1.2799146,0.3208269,-0.6422932,0,0,0,0,0,0,0,0,0,1,0,1,1,1,2,0,0,0,-1.4243248,-0.5195302,-0.11394804
1,2022-03-20 23:30:30,-1.3579178,0.8495738,stationary traffic on long beach fwy n - i-710 n from ca-1/pacific coast hwy (i-710) to willow st (i-710) due to accident.,i-710 n,long beach,los angeles,ca,us,-0.24789712,0.57901365,-0.31922266,-0.6422932,0,0,0,0,0,0,0,0,0,0,0,0,0,0,2,1,0,0,-0.557404,1.6466814,-0.5302616
2,2021-06-08 07:33:26,1.1118605,1.7051433,accident on exit ramp from i-76 westbound at exits 327 328a 328b 328b-a to w dekalb pike.,n gulph rd,king of prussia,montgomery,pa,us,1.0298333,0.16170318,-0.9592722,-0.6422932,0,0,0,0,0,0,0,0,0,0,0,1,1,1,2,0,0,0,-1.5462592,0.114938535,-0.019626997
2,2018-03-05 19:15:05,0.80168337,-0.687551,accident on arrowhead dr at countryside dr.,w arrowhead dr,charlotte,mecklenburg,nc,us,-1.1731502,0.69282556,-0.06801497,0.7176156,0,0,0,0,0,0,0,0,0,0,0,0,1,1,2,0,1,0,0.055601574,0.114938535,-1.028293
1,2023-01-30 15:53:30,-1.3444668,2.0918415,slow traffic on artesia fwy w - riverside fwy w - ca-91 w from brookhurst st (ca-91) to valley view st (ca-91) due to accident.,ca-91 w,fullerton,orange,ca,us,0.19269957,0.2755151,-0.9592722,-0.6422932,0,0,0,0,0,0,0,0,0,0,0,1,1,1,2,1,0,0,0.055601574,-1.5430081,0.030785972
2,2016-12-28 18:51:45,0.64859086,-0.6633824,right hand shoulder blocked due to accident on i-275 southbound at 6 mile rd.,i-96 e,livonia,wayne,mi,us,0.1486399,0.46520168,0.12881203,0.43833148,0,0,0,0,0,0,0,0,0,0,0,0,0,0,3,0,0,0,-1.4243248,0.74940723,-0.0362958
2,2017-08-18 12:08:46,0.60251576,-0.687551,accident on dahlia dr at oh-741 springboro pike.,springboro pike,dayton,montgomery,oh,us,-0.20383745,0.40829572,0.6195167,1.6576698,0,0,0,0,0,0,0,0,0,0,0,1,1,1,2,0,0,0,0.055601574,-1.5430081,0.40319145
1,2019-07-03 18:13:06,-1.3043743,2.0918415,between waterman ave/exit 73 and i-215 - accident.,i-10 w,san bernardino,san bernardino,ca,us,-1.3934485,-2.0196922,0.96087646,-0.6422932,0,0,0,0,0,0,0,0,0,0,0,1,1,1,2,1,0,0,-0.557404,-1.4168044,0.65525633
2,2019-02-02 04:16:18,-1.5923679,-0.687551,accident on i-5 southbound at red bluff rest area.,i-5 s,red bluff,tehama,ca,us,1.073893,-0.19870128,0.12881203,2.3006148,0,0,0,1,0,0,0,0,0,0,0,0,0,0,3,0,0,0,0.055601574,1.7728852,0.39180788
1,2020-03-17 14:48:00,-1.5181394,-0.687551,at 9th st - accident.,s 9th st,modesto,stanislaus,ca,us,-0.60037446,0.29448378,-0.31922266,-0.6422932,0,0,0,0,0,0,0,0,0,0,0,1,1,1,2,1,0,1,0.055601574,0.114938535,-0.10337757
2,2017-07-04 22:25:09,-0.10679102,-0.687551,#1 #2 #3 lane blocked due to accident on i-30 westbound at dalrock rd.,i-30 e,rowlett,dallas,tx,us,0.8535946,0.57901365,-0.36189264,2.3006148,0,0,0,0,0,0,0,0,0,0,0,0,0,0,3,0,0,0,-1.077085,1.2872838,-0.22168544
1,2021-07-06 10:02:00,-1.5848163,1.1202625,accident on estudillo ave (i-580) from 106th ave (i-580) to i-580 w.,i-580 w,san leandro,alameda,ca,us,0.5892366,0.74973154,1.600926,-0.6422932,0,0,0,0,0,0,0,0,0,0,0,1,1,1,2,1,0,0,0.055601574,-1.5430081,0.23812963
2,2017-03-25 17:44:01,-1.3589581,-0.6633824,accident on i-5 southbound at exit 137a ca-110.,n figueroa st,los angeles,los angeles,ca,us,0.10458023,0.6738569,-0.6179125,0.11989498,0,0,0,0,0,0,0,0,0,0,0,1,1,1,3,0,0,0,0.055601574,-1.5430081,-0.054184273
2,2016-09-12 17:29:57,0.7451832,-0.687551,queueing traffic due to accident on county hwy-850 corkscrew rd at wildcat run rd.,corkscrew rd,estero,lee,fl,us,-0.07165845,0.46520168,0.12881203,0.45527324,0,0,0,0,0,0,0,0,0,0,0,1,1,1,2,0,0,0,0.055601574,1.7728852,-0.5436779
1,2021-09-08 08:23:27,0.9216337,-0.61504513,incident on edwards mill rd near house 4400 drive with caution.,parklake ave,raleigh,wake,nc,us,1.2941914,-0.2745759,-0.5325725,-0.6422932,0,0,0,0,0,0,1,0,0,1,0,1,1,1,2,1,0,0,-1.077085,-1.0574068,-0.6534481
1,2018-05-29 10:54:10,0.630114,2.0918415,closed between state st/exit 177 and i-94-br/us-23/exit 180 - road closed due to accident.,i-94 e,ann arbor,washtenaw,mi,us,0.016460894,0.57901365,0.12881203,0.48004264,0,0,0,0,0,0,0,0,0,0,0,1,1,1,4,1,0,0,0.055601574,1.7728852,0.04704822
1,2021-04-12 06:14:23,0.68811655,-0.35885766,stationary traffic on us-19 n - county hwy-752 - fl-584 from bilgore grove blvd to mayfair pl due to accident.,us highway 19 n,palm harbor,pinellas,fl,us,1.3823106,0.23757781,-0.10587281,1.5645329,0,0,0,0,0,0,0,0,0,0,0,0,0,1,2,1,0,0,0.6686071,-1.4168044,0.5402009
1,2020-10-30 07:14:00,-1.540672,-0.5715416,eb at. veh 1124,thomas dr,north highlands,sacramento,ca,us,0.016460894,0.52210766,-0.9592722,0.0008979853,0,0,0,0,0,0,0,0,0,0,0,0,1,1,2,1,0,0,1.535528,0.74940723,0.7259971
1,2016-10-26 19:18:53,0.7661419,2.0918415,between fairbanks ave/exit 87 and sr-414/maitland blvd/exit 90 - accident.,i-4 e,winter park,orange,fl,us,0.19269957,1.0152928,1.600926,1.9650251,0,0,0,0,0,0,0,0,0,0,0,0,1,1,2,1,0,0,0.6686071,1.6466814,0.64997107
1,2021-07-30 21:53:00,1.0177213,-0.22834706,incident on york rd near stanley dr drive with caution.,york rd,new oxford,adams,pa,us,0.7214156,-0.4073565,-0.9592722,-0.6422932,0,0,0,0,0,0,0,0,0,0,0,0,0,1,2,1,0,0,0.055601574,-1.5430081,0.018589286
1,2021-06-12 15:15:20,-0.055172298,0.16076787,stationary traffic from bp way to memorial dr due to accident.,katy fwy,houston,harris,tx,us,-0.6884938,0.29448378,-0.9592722,-0.6422932,0,0,0,0,0,0,0,0,0,0,0,1,1,1,2,1,0,1,0.055601574,0.114938535,0.56337464
1,2022-09-08 14:34:00,-1.3518447,2.0918415,slow traffic on i-405 n - san diego fwy n from i-605 (i-405) to bellflower blvd (i-405) due to accident.,i-405,long beach,los angeles,ca,us,-1.6137469,-0.084889345,0.96087646,-0.6422932,0,0,0,0,0,0,0,0,0,0,0,1,1,1,2,1,0,0,1.1882882,-1.0574068,-0.44488478
1,2022-05-05 16:56:48,0.8367271,0.7190632,slow traffic on us-1 s - fl-5 from fl-916/135th st (us-1) to 10th ave (us-1) due to accident.,biscayne blvd,north miami,miami-dade,fl,us,-0.15977779,0.57901365,1.1742263,-0.6422932,0,0,0,0,0,0,0,0,0,0,0,1,1,1,2,1,0,0,-0.557404,1.6466814,0.1112841
1,2021-06-16 12:35:00,0.7037982,-0.5401224,incident on dale mabry hwy near land o lakes blvd drive with caution.,dale mabry hwy,lutz,pasco,fl,us,0.23675925,0.6359196,-0.10587281,-0.6422932,0,0,0,0,1,0,0,0,0,0,0,1,1,1,2,1,0,0,-0.557404,-1.4168044,0.018589286
2,2020-05-10 05:33:17,-1.5590366,-0.687551,#1 lane blocked due to accident on i-80 westbound at exit 75 mace blvd.,i-80 w,davis,yolo,ca,us,0.7654753,0.14273453,-0.10587281,-0.6422932,0,0,0,0,0,0,0,0,0,0,0,0,1,1,3,0,0,0,-1.5462592,0.114938535,-0.023286004
1,2022-04-01 14:15:46,0.8351136,-0.010829399,slow traffic on fl-922 from griffing blvd/ne north miami blvd (ne 125th st/north miami blvd/fl-922) to ne 10th ave (ne 125th st/north miami blvd/fl-922) due to accident.,ne 4th ave,north miami,miami-dade,fl,us,-0.15977779,0.6169509,1.8142759,-0.6422932,0,0,0,0,0,0,0,1,0,0,0,1,1,1,2,1,0,0,-1.5462592,0.114938535,0.57394505
2,2021-03-22 08:10:46,-1.3187,-0.687551,right hand shoulder blocked due to accident on ca-210 westbound after i-15 .,ca-210 w,rancho cucamonga,san bernardino,ca,us,0.060520563,-1.0902281,-1.5993218,-0.6422932,0,0,0,0,0,0,0,0,0,0,0,1,1,1,2,0,1,0,0.055601574,0.114938535,0.4519782
1,2020-05-11 18:00:33,-1.6098547,-0.687551,at 82nd dr/exit 11 - accident.,cascade hwy s,portland,clackamas,or,us,0.10458023,0.16170318,-0.5325725,2.3006148,0,0,0,0,0,0,0,0,0,0,0,1,1,1,2,1,0,0,1.535528,-0.5195302,0.20275925
2,2018-11-15 15:43:04,-0.9956036,-0.687551,accident on 3rd ave at scottsdale rd.,n scottsdale rd,scottsdale,maricopa,az,us,-2.3627613,0.57901365,-0.28485206,-0.43093586,0,0,0,0,0,0,1,0,0,1,0,1,1,1,2,0,1,0,0.055601574,0.114938535,-0.17493147
2,2018-06-27 10:02:23,0.25610703,-0.687551,accident on i-20 westbound at exits 42a 42b ellis ave.,ellis ave,jackson,hinds,ms,us,0.10458023,0.7117942,0.12881203,2.2266681,0,0,0,0,0,0,0,0,0,0,0,1,1,1,3,0,0,0,-0.557404,-1.4168044,0.24748042
1,2019-10-14 03:14:00,-1.4853275,-0.687551,at rosemary rd - accident.,e betteravia rd,santa maria,santa barbara,ca,us,1.073893,-0.04695203,-0.31922266,-0.6422932,0,0,0,0,0,0,0,0,0,0,0,0,0,0,2,1,0,0,-1.5462592,0.114938535,0.5796369
1,2022-05-18 17:58:51,0.83222514,-0.28393492,slow traffic on fl-9 from fl-112/airport expy (fl-9) to martin luther king blvd/62nd st (fl-9) due to accident.,nw 27th ave,miami,miami-dade,fl,us,-0.07165845,0.56004494,1.1742263,-0.6422932,0,0,0,0,1,0,1,0,0,0,0,1,1,1,2,1,0,0,-0.557404,1.6466814,0.16129051
2,2017-08-24 07:53:46,1.1854304,-0.687551,left lane blocked due to accident on new jersey turnpike easturn spur northbound at exit 15w i-280.,new jersey tpke n,kearny,hudson,nj,us,-0.33601645,0.52210766,0.12881203,0.5813894,0,0,0,0,0,0,0,0,0,0,0,1,1,1,3,0,0,0,1.535528,-0.5195302,0.086077616
2,2017-10-02 17:34:43,1.1297978,-0.687551,right hand shoulder blocked due to accident on i-295 southbound before exit 28 nj-168 black horse pike.,n black horse pike,bellmawr,camden,nj,us,-1.3934485,1.3946658,-0.8525973,1.8787585,0,0,0,0,0,0,0,0,0,0,0,1,1,1,3,0,0,0,-1.5462592,0.114938535,-0.45179623
2,2018-03-27 10:01:17,0.24847722,-0.687551,accident on i-270 westbound at exit 25 us-67 lindbergh blvd.,i-270 w,hazelwood,st. louis county,mo,us,1.4263703,0.6738569,-0.8525973,1.6954968,0,0,0,0,0,0,0,0,0,0,0,1,1,1,3,0,0,0,-0.557404,-1.4168044,0.26943448
1,2022-07-03 01:01:00,-1.5412278,0.8495738,incident on ca-70 eb near house 2 expect delays.,state highway 70,oroville,butte,ca,us,0.016460894,0.0099539375,2.2398665,-0.6422932,0,0,0,0,0,0,0,0,0,0,0,0,0,0,2,1,0,0,-1.5462592,0.114938535,0.21373627
3,2021-07-02 13:42:20,1.2309836,-0.687551,left lane blocked due to accident on i-95 governor john davis lodge tpke southbound after exit 19 rennell dr.,governor john davis lodge tpke,westport,fairfield,ct,us,0.7654753,0.12376587,1.1742263,-0.6422932,0,0,0,0,0,0,0,0,0,0,0,1,1,1,3,0,0,0,0.055601574,1.7728852,-0.21721332
2,2017-05-17 08:53:27,-1.5749283,-0.6633824,lane blocked on entry ramp due to accident on ca-85 northbound from exit 11b winchester blvd.,ca-85 n,los gatos,santa clara,ca,us,0.10458023,0.7687002,0.12881203,0.89096713,0,0,0,0,0,0,0,0,0,0,0,1,1,1,2,0,0,0,1.535528,-0.5195302,0.029566305
2,2016-08-22 23:39:51,1.200963,-0.687551,right hand shoulder blocked due to accident on sprain brook pkwy southbound at county hwy-33 palmer rd.,sprain brook pkwy n,bronxville,westchester,ny,us,0.4570576,1.0342613,0.19568901,2.3006148,0,0,0,1,0,0,0,0,0,0,0,0,0,0,2,0,1,0,0.055601574,0.114938535,-0.37536368
1,2022-12-27 17:09:05,0.75386935,0.5184636,stationary traffic on sinclair rd from fl-429 toll to cr-545/n old lake wilson rd due to accident.,sinclair rd,kissimmee,osceola,fl,us,-1.0409712,0.86354345,-0.31922266,-0.6422932,0,0,0,0,0,0,0,0,0,0,0,1,1,1,2,1,0,0,0.6686071,1.6466814,0.3377359
1,2021-01-07 18:39:14,-1.2723272,0.6030538,incident on us-20 eb near look rd drive with caution.,highway 20/26,caldwell,canyon,id,us,1.5585493,-2.4370027,0.3208269,-0.6422932,0,0,0,0,0,0,0,0,0,0,0,0,0,1,2,1,0,0,-0.557404,-1.4168044,0.024281073
2,2019-03-16 11:24:48,0.7999009,-0.687551,accident on i-485 westbound at exit 26 benfield rd.,i-485 n,charlotte,mecklenburg,nc,us,-1.3934485,1.1480733,1.1102214,0.7176156,0,0,0,0,0,0,0,0,0,0,0,1,1,1,2,0,0,0,1.535528,-0.5195302,-0.5961237
1,2022-09-09 15:27:45,0.20327389,-0.61021143,slow traffic on lee dr from poplar st to perkins rd due to accident.,lee dr,baton rouge,east baton rouge,la,us,-0.4241358,-0.009014718,-0.10587281,-0.6422932,0,0,0,0,0,0,0,0,0,0,0,1,1,1,2,1,0,0,1.535528,-0.5195302,-0.5973434
1,2021-11-22 00:57:30,0.9203862,-0.6126283,incident on olde stream ct near house 4508 drive with caution.,olde stream ct,raleigh,wake,nc,us,0.32487857,-0.16076396,-0.31922266,-0.6422932,0,0,0,0,0,0,0,0,0,0,0,0,0,0,2,1,0,0,-1.5462592,0.114938535,0.17714621
2,2018-01-16 07:49:59,-1.542627,-0.687551,accident on power inn rd at skywoods way.,power inn rd,sacramento,sacramento,ca,us,1.5585493,1.0721986,-0.1272078,0.11545907,0,0,0,0,0,0,0,0,0,0,0,1,1,1,2,0,0,0,0.6686071,-1.4168044,-0.054997385
1,2019-06-26 19:25:52,1.184392,0.9800844,at cr-549/exit 91 - accident. lane blocked.,garden state pkwy s,brick,ocean,nj,us,-0.20383745,0.40829572,0.10747705,-0.6422932,0,0,0,0,0,0,0,0,0,0,0,1,1,1,2,1,0,0,-1.5462592,0.114938535,0.747138
2,2018-06-07 10:51:14,0.6664146,-0.687551,right hand shoulder blocked due to accident on i-75 northbound at exit 63 12 mile rd.,chrysler expy s,madison heights,oakland,mi,us,-0.60037446,0.69282556,-0.1272078,0.2942482,0,0,0,0,0,0,0,0,0,1,0,1,1,1,3,0,0,0,-1.077085,-1.0574068,-0.07329241
1,2019-02-12 04:38:51,-1.7128625,1.1516817,at martinranch rd - accident.,oregon coast hwy,brookings,curry,or,us,0.67735595,0.56004494,1.1102214,-0.6422932,0,0,0,0,0,0,0,0,0,0,0,0,0,0,2,1,0,0,-1.077085,1.2872838,-0.39975703
2,2020-01-31 07:30:04,1.2189025,-0.687551,one lane blocked due to accident on ny-106 newbridge rd southbound at orchid rd.,orchid rd,levittown,nassau,ny,us,0.32487857,0.99632406,-0.31922266,-0.6422932,0,0,0,0,0,0,1,0,0,1,0,1,1,1,2,0,0,0,0.055601574,1.7728852,-0.54083204
1,2022-03-12 19:07:00,0.76661056,-0.4096118,incident on w miller st near lucerne ter drive with caution.,w miller st,orlando,orange,fl,us,-1.4815679,0.5410763,1.600926,-0.6422932,0,0,0,0,0,0,1,0,0,0,0,0,1,1,2,1,0,0,1.535528,-0.5195302,0.3600965
2,2021-05-09 15:52:29,0.7062379,-0.687551,right lane blocked due to multi-vehicle accident on i-4 westbound before selmon connector.,i-4 w,tampa,hillsborough,fl,us,-1.1731502,0.69282556,-0.31922266,-0.6422932,0,0,0,0,0,0,0,0,0,0,0,1,1,1,3,0,0,0,-1.5462592,0.114938535,-0.0428007
1,2019-09-27 23:04:00,-1.4056461,-0.687551,at dawson dr/exit 53a - accident.,s lewis rd,camarillo,ventura,ca,us,0.5892366,0.16170318,-0.10587281,-0.6422932,0,0,0,0,0,0,0,0,0,0,0,0,0,0,2,1,0,0,0.055601574,-1.5430081,0.23812963
2,2016-07-22 14:51:12,-0.04129756,-0.687551,slow traffic due to accident on us-59 northbound at fannin st.,us-59 n,houston,harris,tx,us,-1.0409712,0.6738569,0.30358094,1.5799973,0,0,0,0,0,0,0,0,0,0,0,1,1,1,2,0,1,0,0.055601574,0.114938535,-0.07410552
2,2019-01-25 10:46:05,-0.0011168919,2.0918415,main roadway closed due to accident on tx-11 eastbound between county road 2110 and tx-p17.,park road 17,daingerfield,morris,tx,us,-0.027598776,1.3946658,-0.8525973,1.1732517,0,0,0,0,0,0,0,0,0,0,0,1,1,1,3,0,0,0,0.055601574,1.7728852,-0.1989183
1,2022-02-21 14:38:00,0.75014484,-0.45553216,incident on lee blvd near 1st st expect delays.,lee blvd,lehigh acres,lee,fl,us,-1.1731502,0.9014808,0.96087646,-0.6422932,0,0,0,0,0,0,0,0,0,0,0,1,1,1,2,1,0,0,0.055601574,1.7728852,-0.3473113
1,2017-11-02 14:46:13,0.72952586,0.105180025,closed at oh-82/royalton rd - road closed due to accident.,avon belden rd,grafton,lorain,oh,us,-0.07165845,0.6359196,1.600926,1.6436257,0,0,0,0,1,0,0,0,0,0,0,1,1,1,4,1,0,0,-1.4243248,-0.5195302,-0.14687909
1,2022-07-29 15:32:30,0.982348,-0.6561318,on va-9 in the county of loudoun in the vicinity of hamilton station rd; rt. 704n/s (loudoun county) motorists can expect delays due to a multi-vehicle crash. all east lanes are closed. all west lanes are closed.,charles town pike,hamilton,loudoun,va,us,0.32487857,-0.1417953,-0.9592722,-0.6422932,0,0,0,0,0,0,0,0,0,1,0,1,1,1,4,1,0,0,0.055601574,-1.5430081,-0.45708147
2,2017-11-28 14:36:24,0.41070774,-0.687551,accident on bellemeade ave at kentucky ave.,bellemeade ave,evansville,vanderburgh,in,us,-1.5696872,0.8445748,1.8356109,1.4756533,0,0,0,0,0,0,0,0,0,1,0,1,1,1,2,0,0,0,-1.4243248,-0.5195302,-0.4107341
1,2021-04-02 05:32:30,0.99581486,-0.28393492,stationary traffic from regal crest dr to autumn willow dr due to accident.,clifton rd,clifton,fairfax county,va,us,-0.29195678,0.7876688,2.2398665,-0.6422932,0,0,0,0,0,0,0,0,0,0,0,0,0,1,2,1,0,0,1.535528,-0.5195302,-0.55465496
1,2022-08-05 11:36:19,1.2227316,1.7268951,incident on merritt pkwy near merritt pkwy expect long delays.,ct-15 s,new canaan,fairfield,ct,us,-0.07165845,0.028922593,-1.5993218,-0.6422932,0,0,0,0,0,0,0,0,0,0,0,1,1,1,2,1,1,0,0.055601574,0.114938535,-0.46155357
1,2021-10-28 05:36:00,-1.3520994,2.0918415,slow traffic on i-405 n - san diego fwy n from stearns st (i-405) to bellflower blvd (i-405) due to accident.,i-405 n,long beach,los angeles,ca,us,0.32487857,0.57901365,-1.5993218,-0.6422932,0,0,0,1,0,0,0,0,0,0,0,0,0,0,2,1,1,0,0.055601574,0.114938535,-0.39609805
1,2020-11-11 04:27:00,0.720469,-0.30568668,incident on clay st near alston ave drive with caution.,calvin ave,zephyrhills,pasco,fl,us,1.2941914,-0.009014718,0.10747705,-0.6422932,0,0,0,0,0,0,0,0,0,0,0,0,0,0,2,1,0,0,-1.077085,1.2872838,-0.17655769
2,2021-12-30 20:53:51,1.1970838,2.043504,entry ramp to i-495 eastbound from brooklyn queens expy eastbound lane blocked due to accident.,new calary cemetery rd,maspeth,queens,ny,us,0.80953497,0.48417035,-0.9592722,-0.6422932,0,0,0,0,0,0,0,0,0,0,0,0,0,0,3,0,0,0,1.6574624,0.114938535,0.039323654
1,2021-01-15 22:33:00,-1.6063191,-0.25493255,incident on us-101 nb near tamalpais dr drive with caution.,redwood hwy,corte madera,marin,ca,us,-0.26820654,0.028836893,-0.07364212,0.17631377,0,0,0,0,0,0,0,0,0,0,0,0,0,0,2,1,0,0,-0.26016656,-0.34083188,-0.0033535217
1,2022-03-10 16:02:00,-1.341384,-0.3032698,slow traffic from westminster ave (harbor blvd) to ca-22/garden grove fwy (harbor blvd) due to accident.,harbor blvd,garden grove,orange,ca,us,-0.64443415,0.48417035,-0.10587281,-0.6422932,0,0,0,0,0,0,0,0,0,1,0,1,1,1,2,1,0,1,0.055601574,0.114938535,0.23812963
2,2020-01-16 19:36:07,0.8597023,-0.687551,accident on sc-51 2nd loop rd at us-52.,s irby st,florence,florence,sc,us,-1.2172098,0.9773554,-0.31922266,-0.6422932,0,0,0,0,0,0,0,0,0,1,0,0,0,0,2,0,0,0,1.1882882,-1.0574068,-0.39325213
1,2023-02-23 16:38:00,0.0026919278,0.11243061,slow traffic on mo-9 n from us-69 (mo-9) to i-635 (mo-9) due to accident.,mo-9 n,riverside,platte,mo,us,-0.8647325,-0.25560725,0.53417677,-0.6422932,0,0,0,0,0,0,0,0,0,0,0,1,1,1,2,1,0,0,1.535528,-0.5195302,-0.37170467
1,2021-12-22 09:28:00,0.07305135,-0.65371495,slow traffic from highway 55 to us-169 s due to accident.,highway 55,minneapolis,hennepin,mn,us,0.41299793,-1.1850713,-0.31922266,-0.6422932,0,0,0,0,0,0,0,0,0,0,0,1,1,1,2,1,0,0,-1.4243248,0.74940723,-0.591245
1,2022-05-19 17:44:07,-0.18048267,-0.63921374,incident on n akard st near elm st drive with caution.,s elm st,weatherford,parker,tx,us,-1.5256275,-2.2093787,2.2398665,-0.6422932,0,0,0,0,0,0,0,0,0,0,0,1,1,1,2,1,0,0,-1.4243248,0.74940723,-0.19810517
2,2018-11-09 18:35:58,0.7492635,-0.687551,left lane blocked due to accident on i-295 southbound at exit 33 fl-110 duval rd.,duval rd,jacksonville,duval,fl,us,1.2501316,0.6169509,-0.8525973,2.3006148,0,0,0,0,0,0,0,0,0,0,0,0,0,1,2,0,0,0,-1.077085,-1.0574068,-0.17737082
1,2016-05-26 20:58:14,-1.3705964,0.36620122,at hubbard st - accident.,foothill fwy w,sylmar,los angeles,ca,us,-0.24789712,0.6169509,0.36349687,0.25817445,0,0,0,1,0,0,0,0,0,0,0,0,1,1,2,1,0,0,-1.077085,1.2872838,1.6098502
2,2021-05-28 05:54:43,0.7990334,1.8259864,shoulder blocked due to accident on independence blvd eastbound between exit 242 i-277 exit 2b and rockway dr.,e independence blvd,charlotte,mecklenburg,nc,us,0.5892366,-0.9764162,-0.5325725,-0.6422932,0,0,0,0,0,0,0,0,0,0,0,0,1,1,2,0,0,0,-1.5462592,0.114938535,0.08485795
1,2021-01-03 20:42:00,-1.5319598,0.458042,accident from welch rd (alta mesa rd) to walmort rd (alta mesa rd).,blake rd,wilton,sacramento,ca,us,1.5585493,0.74973154,0.10747705,0.17631377,0,0,0,0,0,0,0,0,0,0,0,0,0,0,2,1,0,0,0.055601574,1.7728852,1.4090115
2,2018-12-25 09:57:28,0.2040305,-0.687551,accident on willow grove dr at lotus st.,lotus st,baton rouge,east baton rouge,la,us,0.7214156,1.0911673,0.36349687,2.3006148,0,0,0,0,0,0,0,0,0,0,0,1,1,1,2,0,0,0,-0.557404,1.6466814,0.12754636
1,2022-05-28 22:44:51,1.1119322,-0.3105204,incident on w 4th st near thurlow st expect delays.,w 4th st,chester,delaware,pa,us,-0.027598776,0.44623303,-0.10587281,-0.6422932,0,0,0,0,0,0,0,1,0,0,0,0,0,0,2,1,0,0,1.6574624,0.114938535,-0.20461006
2,2020-09-11 15:15:55,0.67402333,-0.687551,center lane blocked due to accident on i-70 westbound at exit 101a i-71 exits 107 108a.,e innerbelt n,columbus,franklin,oh,us,0.5892366,-0.55910575,0.10747705,-0.6422932,0,0,0,0,0,0,0,0,0,0,0,1,1,1,3,0,0,0,0.6686071,1.6466814,0.6263908
2,2019-09-15 07:07:05,-1.6149383,0.7383981,entry ramp to i-5 southbound from ne 99th st eastbound lane blocked due to accident.,i-5 s,vancouver,clark,wa,us,1.1179526,0.10479722,-0.5325725,2.3006148,0,0,0,0,0,0,0,0,0,0,0,1,1,1,3,0,0,0,-1.4243248,0.74940723,-0.10134479
1,2016-06-11 11:06:54,-1.345197,-0.19934471,ramp to edinger ave - accident.,i-405 n,westminster,orange,ca,us,1.1620123,0.6169509,0.12881203,-0.6422932,0,0,0,0,0,0,0,0,0,0,0,1,1,1,3,1,0,0,-1.5462592,0.114938535,0.2356903
1,2022-11-07 08:11:00,0.72881484,-0.45794904,incident on pecan pass trl near pecan run drive with caution.,pecan pass trl,ocala,marion,fl,us,1.2501316,0.74973154,-0.5325725,-0.6422932,0,0,0,0,0,0,0,0,0,0,0,1,1,1,2,1,0,0,1.535528,0.74940723,0.50645673
3,2022-04-27 07:55:46,0.41476387,-0.687551,right hand shoulder blocked due to crash on us-82 eastbound at monticello dr.,monticello dr,duncanville,tuscaloosa,al,us,0.060520563,0.7876688,-0.5325725,-0.6422932,0,0,0,0,0,0,0,0,0,0,0,1,1,1,1,0,0,0,1.6574624,0.114938535,0.086077616
1,2022-04-29 16:05:51,0.9024498,2.0918415,stationary traffic on us-501 n - us-15 n from ephesus church rd (us-15) to i-40 (us-15) due to accident.,fordham blvd,chapel hill,orange,nc,us,0.04173559,-0.10134981,-0.13593426,1.0927044,0,0,0,0,0,0,0,0,0,0,0,1,1,1,2,1,0,0,-0.035196677,-0.091276646,-0.0033535217
1,2019-09-14 21:37:00,-1.6093748,-0.687551,at spruce rd ext/hidden valley rd - accident.,hartmann rd,hidden valley lake,lake,ca,us,0.9857736,0.10479722,-0.31922266,-0.6422932,0,0,0,0,0,0,0,0,0,0,0,0,0,0,2,1,0,0,-1.5462592,0.114938535,-0.37170467
1,2020-05-20 10:45:49,-1.5116616,-0.687551,at sw george millican rd - accident.,ochoco hwy,prineville,crook,or,us,-0.8647325,-2.4370027,2.2398665,-0.6422932,0,0,0,0,0,0,0,0,0,0,0,1,1,1,2,1,0,0,0.6686071,-1.4168044,-0.22981656
2,2020-07-16 09:29:00,-1.4478391,-0.687551,accident on i-580 northbound at exit 60 meadows pkwy.,martin luther king jr memorial fwy,reno,washoe,nv,us,-2.010284,-2.4370027,-1.5993218,-0.6422932,0,0,0,0,0,0,0,0,0,0,0,1,1,1,2,0,1,0,0.055601574,0.114938535,-0.6156384
1,2022-09-08 14:10:16,0.79161155,2.0918415,slow traffic on i-85 s from little rock rd/exit 32 (i-85) to nc-7/exit 23 (i-85) due to accident.,i-85 s,charlotte,mecklenburg,nc,us,-0.38007614,-1.0902281,-0.10587281,-0.6422932,0,0,0,0,0,0,0,0,0,0,0,1,1,1,2,1,0,1,0.055601574,0.114938535,0.4641749
1,2022-11-03 14:01:00,0.21152134,0.032674134,incident on tiger bend rd near w achord rd expect delays.,tiger bend rd,baton rouge,east baton rouge,la,us,-1.1731502,0.7117942,-0.10587281,-0.6422932,0,0,0,0,0,0,0,0,0,0,0,1,1,1,2,1,0,0,0.055601574,1.7728852,0.21373627
1,2022-05-20 16:12:38,0.45439523,-0.32018787,stationary traffic on us-41a n - tn-12 - us-41a s from locklayer st to i-40 w due to accident.,rosa l parks blvd,nashville,davidson,tn,us,-1.3493888,-0.90054154,2.2398665,-0.6422932,0,0,0,0,0,0,0,0,0,0,0,1,1,1,2,1,0,0,-1.5462592,0.114938535,0.4975125
2,2018-11-26 07:58:42,0.6232469,-0.687551,accident on m-57 vienna rd at mckinley rd.,vienna rd,montrose,genesee,mi,us,1.3823106,-0.17973262,2.2398665,2.3006148,0,0,0,0,0,0,0,0,0,0,0,1,1,1,2,0,0,0,1.535528,0.74940723,0.1576315
1,2021-02-17 06:09:30,1.0478312,2.0918415,stationary traffic on i-64 e from va-105/fort eustis blvd/exit 250 (i-64) to us-17/j clyde morris blvd/exit 258 (i-64) due to accident.,i-64 e,newport news,newport news,va,us,0.40046495,0.5244767,-0.08455185,0.808326,0,0,0,0,0,0,0,0,0,0,0,0,1,1,2,1,0,0,-0.09349619,0.05071271,-0.0033535217
2,2019-12-06 09:39:45,0.5817776,-0.687551,accident on gobel ave at ferncrest ct.,gobel ave,cincinnati,hamilton,oh,us,0.9417139,-0.9764162,0.10747705,1.5645329,0,0,0,0,0,0,0,0,0,0,0,1,1,1,2,0,0,0,-1.077085,-1.0574068,-0.28022954
1,2020-03-02 06:45:00,-1.3606732,-0.687551,at 3rd st/4th st - accident.,w 2nd st,los angeles,los angeles,ca,us,0.5451769,-0.009014718,-1.5993218,-0.6422932,0,0,0,0,0,0,0,0,0,0,0,1,1,1,2,1,1,0,0.055601574,0.114938535,-0.15216433
2,2019-01-09 12:36:40,1.3258682,-0.687551,left lane closed due to accident on i-93 northbound at exit 34a us-3 daniel webster hwy.,i-93 n,lincoln,grafton,nh,us,1.1179526,-0.8246669,1.8356109,1.6039562,0,0,0,0,0,0,0,0,0,0,0,1,1,1,3,0,0,0,0.6686071,-1.4168044,0.059244905
1,2019-06-22 13:12:39,1.151787,0.18251963,ramp closed to new jersey tpke - road closed due to accident. overturned heavy truck.,new jersey tpke n,bordentown,burlington,nj,us,-1.1290905,0.047891248,2.0276258,-0.6422932,0,0,0,0,0,0,0,0,0,0,0,1,1,1,4,1,0,0,1.1882882,-1.0574068,0.49791905
1,2019-07-23 16:31:00,-0.9967346,0.12451492,at ut-273/exit 328 - accident.,i-15 n,kaysville,davis,ut,us,-2.3627613,-2.4370027,0.53417677,-0.6422932,0,0,0,0,0,0,0,0,0,0,0,1,1,1,2,1,0,0,0.6686071,-1.4168044,-0.64003175
1,2021-12-23 17:05:43,0.45869043,0.18735336,stationary traffic on tn-11 - us-31a s - us-41a s from tn-255/harding pl (us-31 alt) to tn-254/old hickory blvd (us-31 alt) due to accident.,nolensville pike,nashville,davidson,tn,us,-1.6137469,-0.46426246,0.3208269,-0.6422932,0,0,0,0,0,0,0,0,0,0,0,0,1,1,2,1,0,0,-1.4243248,-0.5195302,0.32879165
1,2016-05-25 09:23:19,-1.3799342,-0.6077945,at roscoe blvd - accident.,de soto ave,canoga park,los angeles,ca,us,-0.20383745,0.74973154,-0.18854974,0.17631377,0,0,0,0,0,0,0,0,0,0,0,1,1,1,2,1,1,0,0.055601574,0.114938535,-0.65670055
1,2020-09-11 04:29:40,0.83979195,-0.45553216,incident on alexander cir near state rd drive with caution.,state rd,summerville,berkeley,sc,us,0.4045135,0.47196048,-0.6219173,0.5018695,0,0,0,0,0,0,0,0,0,0,0,0,0,0,2,1,0,0,0.075635135,-0.03396444,-0.0033535217
1,2021-09-14 12:37:30,-1.5593897,2.0918415,stationary traffic on i-80 e from pole line rd/olive dr (i-80) to cr-32b/chiles rd (i-80) due to accident.,i-80 e,davis,yolo,ca,us,-0.3041059,0.27807835,-0.14998911,0.46956617,0,0,0,1,0,0,0,0,0,0,0,1,1,1,2,1,0,0,-0.08156137,-0.22599345,-0.0033535217
2,2017-06-20 10:41:14,-1.538467,-0.687551,accident on garfield ave both ways at auburn blvd.,auburn blvd,sacramento,sacramento,ca,us,-1.3934485,0.29448378,-0.8525973,0.11545907,0,0,0,0,0,0,0,0,0,1,0,1,1,1,2,0,0,0,-1.077085,1.2872838,0.1706413
2,2019-01-28 08:25:52,0.7408727,-0.687551,accident on i-480 eastbound before i-71.,berea fwy n,cleveland,cuyahoga,oh,us,-0.33601645,0.6359196,1.3449062,1.4160713,0,0,0,0,0,0,0,0,0,0,0,1,1,1,2,0,0,0,-1.4243248,0.74940723,-0.59449744
2,2020-07-08 09:57:33,-0.06829111,-0.687551,accident on garnett rd at 23rd st.,s garnett rd,tulsa,tulsa,ok,us,0.10458023,-0.90054154,0.3208269,-0.6422932,0,0,0,0,0,0,0,1,0,0,0,1,1,1,2,0,0,0,-1.077085,-1.0574068,0.12957914
1,2023-02-14 01:53:00,-1.1870054,1.6253868,travelers can expect the following: crash in the driving lane with lane blocked eastbound until further notice.,i-90 e,saint regis,mineral,mt,us,1.0298333,-2.4370027,0.14363009,2.3006148,0,0,0,0,0,0,0,0,0,0,0,0,0,0,2,1,0,0,-0.015960118,-0.122940764,0.018589286
2,2020-10-13 15:14:30,0.58189905,-0.687551,right lane blocked due to accident on i-75 southbound at exit 56 tn-309.,i-75 s,niota,mcminn,tn,us,-0.51225513,-1.1850713,-0.31922266,-0.6422932,0,0,0,0,0,0,0,0,0,0,0,1,1,1,3,0,0,0,1.535528,0.74940723,0.5430468
1,2020-10-26 17:36:17,0.92265743,-0.317771,incident on kilgore ave near house 2808 drive with caution.,kilgore ave,raleigh,wake,nc,us,0.5892366,0.0099539375,-1.5993218,-0.6422932,0,0,0,0,0,0,0,1,0,0,0,1,1,1,2,1,1,0,0.055601574,0.114938535,-0.34039983
1,2022-12-15 07:17:00,0.58230484,-0.64163065,crash on sr 5 northbound at county services pkwy. all lanes closed.,austell rd sw,marietta,cobb,ga,us,1.2501316,-1.9438176,0.10747705,-0.6422932,0,0,0,0,0,0,0,0,0,0,0,0,1,1,2,1,0,0,0.6686071,-1.4168044,0.18934289
1,2020-04-29 06:39:54,-0.9359724,-0.687551,at e speedway blvd - accident.,n swan rd,tucson,pima,az,us,-1.5696872,-2.4370027,-0.5325725,-0.6422932,0,0,0,0,0,0,1,0,0,1,0,1,1,1,1,1,0,0,-0.557404,1.6466814,-0.42293078
2,2017-10-20 16:22:53,0.7151982,-0.687551,accident on sc-146 woodruff rd at butler rd.,woodruff rd,greenville,greenville,sc,us,-1.7459259,1.0152928,-0.36189264,1.0624328,0,0,0,0,0,0,0,0,0,1,0,1,1,1,2,0,0,1,0.055601574,0.114938535,0.7475446
2,2022-07-06 16:58:18,0.8230377,2.0918415,entry ramp to i-95 northbound from sw becker rd eastbound lane blocked due to crash.,i-95,port st lucie,st lucie,fl,us,0.32056317,0.66112906,1.3875762,-0.6422932,0,0,0,0,0,0,0,0,0,0,0,1,1,1,2,0,0,0,-1.077085,1.2872838,0.2942344
1,2021-03-09 07:20:43,-0.03847322,-0.6295463,incident on scharpe st near lombardy st drive with caution.,scharpe st,houston,harris,tx,us,1.1179526,1.1291046,0.53417677,-0.6422932,0,0,0,0,0,0,0,1,0,0,0,1,1,1,2,1,0,0,-1.077085,1.2872838,0.69469225
2,2016-11-02 07:13:51,0.5934665,-0.6633824,accident on hill st at martin luther king jr dr.,martin luther king jr dr se,atlanta,fulton,ga,us,1.4263703,1.2049793,-0.1272078,2.3006148,0,0,0,0,0,0,0,0,0,1,0,0,1,1,2,0,0,0,-0.557404,1.6466814,0.5515845
1,2017-01-31 10:55:05,0.80009145,-0.5401224,at rumple rd - accident.,w sugar creek rd,charlotte,mecklenburg,nc,us,-1.4375082,0.52210766,1.1102214,0.7176156,0,0,0,0,0,0,0,0,0,0,0,1,1,1,2,1,0,0,-0.557404,-1.4168044,-2.930976
1,2018-09-07 16:56:44,0.40880993,0.088261984,at il-394/exit 160 - accident. in the middle lane.,i-80 w,south holland,cook,il,us,0.5892366,1.0152928,0.85420156,1.0933821,0,0,0,0,0,0,0,0,0,0,0,1,1,1,3,1,0,0,1.1882882,1.2872838,0.06087113
2,2017-08-14 21:02:22,0.44025353,2.0918415,exit ramp from i-10 eastbound at exit 26 to garcon point rd shoulder blocked due to accident.,i-10 e,milton,santa rosa,fl,us,1.1179526,0.46520168,-1.5993218,-0.6422932,0,0,0,1,0,0,0,0,0,0,0,0,0,0,3,0,1,0,0.055601574,0.114938535,0.10071364
1,2021-02-06 23:47:00,-1.3007573,2.0918415,accident on boulder rd (i-15) from wild wash rd (i-15) to i-15 n - barstow fwy n.,barstow fwy n,apple valley,san bernardino,ca,us,-0.6167955,-2.4370027,-0.31922266,-0.6422932,0,0,0,0,0,0,0,0,0,0,0,0,0,0,2,1,0,0,-1.077085,-1.0574068,5.9217854
1,2021-10-19 08:09:30,0.8387798,-0.05191607,stationary traffic on fl-922 from fl-a1a/bal bay dr/collins ave (96th st/kane concourse/fl-922) to us-1/biscayne blvd (connecting road/123rd st/ne north miami blvd/fl-922) due to accident.,96th st,miami beach,miami-dade,fl,us,0.1486399,0.74973154,-0.9592722,-0.6422932,1,0,0,0,0,0,0,0,0,0,0,1,1,1,2,1,0,0,1.535528,0.74940723,0.42107993
2,2021-06-21 07:23:38,0.66915613,-0.687551,right hand shoulder blocked due to accident on i-75 southbound after holbrook st.,chrysler expy s,detroit,wayne,mi,us,0.9857736,-1.5834131,0.96087646,-0.6422932,0,0,0,0,0,0,0,0,0,0,0,1,1,1,2,0,0,0,-1.4243248,-0.5195302,-0.6977627
1,2020-06-09 13:27:25,-0.16765063,-0.687551,at 63rd st - accident.,lake hefner pkwy s,oklahoma city,oklahoma,ok,us,-1.5696872,-2.4370027,2.2398665,-0.6422932,0,0,0,1,0,0,0,0,0,0,0,1,1,1,2,1,0,0,0.055601574,-1.5430081,-0.60547453
1,2022-10-04 18:40:00,-1.367522,-0.6198788,incident on w centinela ave near house 5315 drive with caution.,w centinela ave,los angeles,los angeles,ca,us,0.5892366,0.18067184,0.3208269,-0.6422932,0,0,0,0,0,0,0,0,0,0,0,0,1,1,2,1,0,0,0.055601574,-1.5430081,-0.29852456
2,2019-02-21 05:16:49,1.1265106,-0.687551,restrictions due to accident on i-80 eastbound at exit 310 foxtown hill rd.,i-80 e,delaware water gap,monroe,pa,us,1.5585493,0.3324211,0.36349687,0.6572739,0,0,0,0,0,0,0,0,0,0,0,0,0,1,3,0,0,0,0.055601574,-1.5430081,0.331231
1,2021-05-28 10:12:00,1.2336725,2.0918415,incident on ct-15 sb near exit 44 right lane blocked. expect delays.,merritt pkwy,fairfield,western connecticut,ct,us,-1.3053292,0.82560617,1.1742263,-0.6422932,0,0,0,0,0,0,0,0,0,0,0,1,1,1,2,1,0,0,0.6686071,1.6466814,0.50645673
2,2018-04-29 11:57:06,-1.4201344,-0.687551,accident on road 128 southbound at avenue 80.,ca-99 n,pixley,tulare,ca,us,-0.7325535,0.8445748,0.36349687,0.4759009,0,0,0,0,0,0,0,0,0,0,0,1,1,1,2,0,0,0,1.535528,-0.5195302,0.045421995
1,2022-12-03 17:52:00,-1.5833964,-0.6609655,accident on royal ave from w sunset blvd to bartlett ave.,royal ave,hayward,alameda,ca,us,1.4263703,0.40829572,-0.5325725,2.3006148,0,1,0,0,0,0,0,0,1,0,0,0,0,1,2,1,0,0,0.6686071,-1.4168044,-0.030197458
1,2021-02-17 09:45:00,0.09102994,1.4344547,slow traffic on us-10 e - i-35e s from larpenteur ave/exit 110a (i-35e) to maryland ave/exit 109 (i-35e) due to accident.,i-35e s,saint paul,ramsey,mn,us,0.67735595,-0.17973262,-0.5325725,-0.6422932,0,0,0,0,0,0,0,0,0,0,0,1,1,1,2,1,0,0,-1.4243248,0.74940723,0.14055614
2,2016-12-21 18:20:12,0.52036667,-0.6633824,accident on eastern ave at ken o sha ind park dr.,ken o sha ind park dr se,grand rapids,kent,mi,us,0.19269957,0.52210766,1.8356109,0.66296124,0,0,0,0,0,0,0,0,0,0,0,0,0,1,2,0,0,0,-1.4243248,0.74940723,0.68208903
1,2022-11-16 17:49:09,0.9964464,1.1299299,incident on i-95 sb near mm 145 drive with caution.,i-95 s,stafford,stafford,va,us,-0.29195678,0.29448378,-0.31922266,-0.6422932,0,0,0,0,0,0,0,0,0,0,0,0,1,1,2,1,0,0,1.535528,-0.5195302,-0.12411194
2,2022-07-28 07:13:12,0.9976557,-0.687551,crash on i-95 southbound after exit 50 us-301.,i-95,petersburg,petersburg (city),va,us,0.08111008,0.10668918,-0.14004104,0.96957016,0,0,0,0,0,0,0,0,0,0,0,1,1,1,2,0,0,0,-0.032726098,-0.13913594,-0.0033535217
2,2019-07-26 08:51:08,0.6310523,-0.687551,accident on torrey rd at grove park rd.,torrey rd,fenton,genesee,mi,us,0.36893824,-0.46426246,-0.9592722,-0.6422932,0,0,0,0,0,0,0,0,0,0,0,1,1,1,2,0,0,0,-1.4243248,-0.5195302,-0.026945008
2,2019-10-15 16:35:22,0.7943928,-0.687551,accident on sc-462 lowcountry dr at strobhart rd.,lowcountry dr,ridgeland,jasper,sc,us,1.2501316,0.5979823,-1.5993218,2.3006148,0,0,0,0,0,0,0,0,0,0,0,1,1,1,2,0,1,0,0.055601574,0.114938535,-0.4847273
1,2020-06-03 17:30:55,1.2397771,1.4948763,between e main st/exit 28 and ct-113/lordship blvd/exit 30 - accident. right lane blocked.,i-95 n,bridgeport,fairfield,ct,us,0.36893824,-0.16076396,1.600926,-0.6422932,0,0,0,0,0,0,0,0,0,0,0,1,1,1,3,1,0,0,-1.077085,-1.0574068,-0.49570432
1,2023-02-27 23:08:00,0.8491645,-0.547373,multi vehicle crash on i-376 westbound .7 miles east of exit 73b: pa 885 north - oakland. there is a lane restriction.,i-376 w,pittsburgh,allegheny,pa,us,0.67735595,-2.4370027,1.8142759,-0.6422932,0,0,0,0,0,0,0,0,0,0,0,0,0,0,2,1,0,0,-0.557404,-1.4168044,-0.32291794
2,2020-11-16 11:23:02,-1.295182,-0.687551,right hand shoulder blocked due to accident on i-15 southbound before exits 10 11 ca-52 exits 6 7.,escondido fwy s,san diego,san diego,ca,us,-2.4949403,-0.21766993,-1.5993218,-0.6422932,0,0,0,0,0,0,0,0,0,0,0,1,1,1,2,0,1,0,0.055601574,0.114938535,-0.56603855
1,2022-12-03 09:21:03,1.0192229,-0.5715416,incident on i-95 nb near exit 3b expect long delays.,indian head hwy,oxon hill,prince george's,md,us,1.2501316,0.9773554,0.96087646,1.5645329,0,0,0,0,0,0,0,0,0,0,0,1,1,1,2,1,0,0,-1.5462592,0.114938535,0.2393493
2,2019-09-05 07:48:35,0.8353952,-0.687551,right lane blocked due to accident on ives dairy rd eastbound at san simeon way.,ives dairy rd,miami,miami-dade,fl,us,0.8976543,0.6359196,-0.31922266,-0.6422932,0,0,0,0,0,0,0,0,0,1,0,1,1,1,2,0,0,0,-1.077085,-1.0574068,-0.089148104
1,2017-06-13 14:22:55,0.08365845,0.5885526,at industrial blvd/exit 22 - accident.,i-35w n,minneapolis,hennepin,mn,us,-0.11571811,0.1996405,0.85420156,0.32502246,0,0,0,0,0,0,0,0,0,0,0,1,1,1,2,1,0,0,0.055601574,1.7728852,0.35806373
1,2016-07-03 17:34:47,-1.6193016,-0.15584117,closed between soda bay rd and bay ln - road closed due to accident.,soda bay rd,kelseyville,lake,ca,us,-1.5256275,0.44623303,0.36349687,0.10809652,0,0,0,0,0,0,0,0,0,0,0,1,1,1,4,1,0,0,-1.077085,-1.0574068,-0.49895677
1,2022-08-25 06:16:00,0.068171024,2.0918415,stationary traffic on i-94 e - us-52 e from mn-101/exit 207 (i-94) to cr-109/weaver lake rd/exit 215 (i-94) due to accident.,i-94 e,maple grove,hennepin,mn,us,1.3823106,-1.0712595,0.3208269,-0.6422932,0,0,0,0,0,0,0,0,0,0,0,0,1,1,2,1,0,0,1.6574624,0.114938535,0.06737603
2,2018-12-12 23:47:43,-1.5942996,-0.687551,accident on beacon ave at columbian way.,beacon ave s,seattle,king,wa,us,0.9417139,0.86354345,0.36349687,1.5645329,0,0,1,0,0,0,0,0,0,1,0,0,0,0,2,0,0,0,-1.4243248,0.74940723,-0.11028903
1,2020-11-29 21:56:45,0.7146833,0.97041696,incident on maddox bridge rd near sc-252 expect delays.,highway 252,donalds,abbeville,sc,us,1.5585493,-0.86260426,-0.31922266,2.3006148,0,0,0,0,0,0,0,0,0,0,0,0,0,0,2,1,0,0,1.1882882,1.2872838,0.036884315
1,2021-01-21 00:20:00,-1.4983528,-0.34677336,incident on grove ave near bellevue rd drive with caution.,olive ave,atwater,merced,ca,us,1.5585493,0.40829572,-1.5993218,-0.6422932,0,0,0,0,0,0,0,0,0,0,0,0,0,0,2,1,1,0,0.055601574,0.114938535,-9.372859
1,2021-12-12 22:40:48,1.173678,2.0918415,nysdot tmc - albany: crash on i-88 eastbound between exit 23 - ny 30a; ramp (schoharie) and exit 24; us 20; ny 7 (duanesburg) right shoulder closed,i-88 e,howes cave,schoharie,ny,us,-0.38007614,0.06685991,-1.5993218,-0.6422932,0,0,0,0,0,0,0,0,0,0,0,0,0,0,2,1,1,0,0.055601574,0.114938535,2.5994081
2,2019-12-24 00:16:50,-1.3412126,-0.687551,accident on hemphill st at zenith ave.,zenith ave,la puente,los angeles,ca,us,1.1179526,0.14273453,-1.5993218,-0.6422932,0,0,0,0,0,0,0,0,0,0,0,0,0,0,2,0,1,0,0.055601574,0.114938535,0.30724418
1,2022-03-11 22:08:00,0.5406855,2.0918415,incident on i-20 wb near veterans memorial hwy expect long delays.,ga-402 w,tallapoosa,haralson,ga,us,1.5585493,-2.418034,-0.5325725,-0.6422932,0,0,0,0,0,0,0,0,0,0,0,0,0,0,2,1,0,0,-1.4243248,0.74940723,-0.15216433
1,2019-03-11 04:29:27,0.7826518,2.0918415,closed at oh-9/oh-43/oh-39/main st - road closed due to accident. traffic problem.,scio rd sw,carrollton,carroll,oh,us,0.5892366,1.0342613,-0.6179125,1.7579216,0,0,0,0,0,0,0,0,0,0,0,0,0,0,4,1,0,0,0.055601574,-1.5430081,-0.5558746
2,2018-03-06 09:12:16,1.190986,-0.687551,left lane blocked due to accident on nj-495 lincoln tunl eastbound before pleasant ave.,lincoln tunl w,weehawken,hudson,nj,us,-0.51225513,0.74973154,-0.6179125,0.8943164,0,0,0,1,0,0,0,0,0,1,0,1,1,1,2,0,0,1,0.055601574,0.114938535,0.537355
2,2019-01-11 10:21:21,0.094759785,-0.687551,accident on i-35 southbound at exit 129 cr-23 lake dr.,i-35 s,forest lake,anoka,mn,us,0.19269957,0.99632406,-0.36189264,-0.10357489,0,0,0,0,0,0,0,0,0,0,0,1,1,1,3,0,0,0,-1.077085,1.2872838,-0.55831397
1,2022-05-19 08:51:00,0.5190428,-0.25009882,slow traffic from us-131 (burton st) to eastern ave (burton st) due to accident.,burton st sw,grand rapids,kent,mi,us,1.1179526,-1.7541311,-0.10587281,-0.6422932,0,0,0,0,0,0,0,0,0,0,0,1,1,1,2,1,0,0,-1.5462592,0.114938535,-0.030197458
2,2019-10-12 05:45:46,0.051868886,-0.687551,accident on us-169 johnson memorial dr northbound at cr-3 meridian st.,johnson memorial dr,belle plaine,scott,mn,us,0.5892366,-2.038661,1.3875762,-0.6422932,0,0,0,0,0,0,0,1,0,0,0,0,0,0,2,0,0,0,-1.077085,-1.0574068,0.28122458
2,2020-09-19 10:09:24,-0.1644486,-0.687551,accident on 85th st northbound at harvey ave.,nw 85th st,oklahoma city,oklahoma,ok,us,0.36893824,-1.5644445,0.96087646,-0.6422932,0,0,0,0,0,0,0,0,0,0,0,1,1,1,2,0,0,0,-1.5462592,0.114938535,0.41864058
1,2020-11-11 14:41:20,-0.06669936,0.1390161,incident on i-29 sb near ia-92 expect long delays.,i-29 s,council bluffs,pottawattamie,ia,us,-1.0409712,-1.924849,0.53417677,-0.6422932,0,0,0,0,0,0,0,0,0,0,0,1,1,1,2,1,0,0,-0.557404,-1.4168044,0.17308065
1,2019-02-15 13:55:43,-1.6402208,-0.3757757,at delta hwy - accident.,delta hwy n,eugene,lane,or,us,0.060520563,-0.009014718,2.2398665,-0.6422932,0,0,0,0,0,0,0,0,0,0,0,1,1,1,2,1,0,0,-1.5462592,0.114938535,0.060464576
1,2021-02-06 20:25:00,-1.3622015,-0.5570404,accident from s vermont ave (w gage ave) to i-110/harbor fwy/s grand ave (w gage ave).,w gage ave,los angeles,los angeles,ca,us,0.41299793,0.46520168,-1.5993218,-0.6422932,0,0,0,0,0,0,0,0,0,1,0,0,0,0,2,1,1,0,0.055601574,0.114938535,-0.66442513
2,2020-08-13 09:40:44,0.3880982,-0.687551,accident on il-19 irving park rd at york rd.,irving park rd,bensenville,dupage,il,us,-0.60037446,-0.5211684,-0.31922266,-0.6422932,0,0,0,0,0,0,0,0,0,1,0,1,1,1,2,0,0,0,1.535528,0.74940723,-0.23184933
2,2021-02-14 05:26:53,-1.5805727,-0.687551,accident on ca-4 eastbound at i-680 .,ca-4 e,martinez,contra costa,ca,us,0.41299793,0.6738569,-0.5325725,-0.6422932,0,0,0,0,0,0,0,0,0,0,0,0,0,0,2,0,0,0,-1.4243248,-0.5195302,-0.6184843
2,2018-04-24 22:16:39,0.91191304,-0.687551,accident on lynch st near 3rd st.,3rd st,apex,wake,nc,us,1.3823106,0.2755151,-0.3151148,1.3791549,0,0,0,0,0,0,0,0,0,0,0,0,0,0,2,0,1,0,0.055601574,0.114938535,-0.06312851
1,2022-03-13 15:39:30,1.2022789,0.21877258,stationary traffic on i-95 s - i-695 s from exit [8a] to throgs neck br exit [7a] due to accident.,bruckner expy,bronx,bronx,ny,us,-1.1731502,0.31345242,2.2398665,-0.6422932,0,0,0,0,0,0,0,0,0,0,0,1,1,1,2,1,0,0,0.6686071,-1.4168044,20.228498
1,2019-09-12 08:59:30,-1.3555876,-0.6633824,at i-710/garfield ave - accident.,glenn anderson fwy w,paramount,los angeles,ca,us,-0.027598776,0.503139,-1.5993218,-0.6422932,0,0,0,0,0,0,0,0,0,0,0,1,1,1,2,1,1,0,0.055601574,0.114938535,0.17714621
1,2021-02-17 13:53:11,-1.4083322,-0.20901217,animals are on the roadway. there should be no to minimum delay to traffic. use caution.,highway 20 w,hines,harney,or,us,-0.64443415,-2.4370027,-0.10587281,-0.6422932,0,0,0,0,0,0,0,0,0,0,0,1,1,1,2,1,0,0,1.1882882,-1.0574068,0.023061406
2,2018-06-28 16:07:35,0.697844,-0.687551,accident on sc-186 earls bridge rd at faye cir.,earls bridge rd,easley,pickens,sc,us,0.5011172,0.52210766,-0.8525973,0.10876366,0,0,0,0,0,0,0,0,0,0,0,1,1,1,2,0,0,0,0.055601574,-1.5430081,-0.16232823
1,2020-11-27 20:09:11,0.79556406,1.3136115,stationary traffic on i-40 e from nc-115/exit 150 (i-40) to i-77/exit 152 (i-40) due to accident.,i-40 e,statesville,iredell,nc,us,0.7654753,-1.2419773,-1.5993218,-0.6422932,0,0,0,0,0,0,0,0,0,0,0,0,0,0,2,1,1,0,0.055601574,0.114938535,-0.12329883
2,2021-03-11 06:31:24,-1.2949984,-0.687551,accident on i-15 northbound after exit 14 miramar rd.,escondido fwy s,san diego,san diego,ca,us,0.9417139,-0.23663859,-0.5325725,2.3006148,0,0,0,0,0,0,0,0,0,0,0,1,1,1,2,0,0,0,-1.077085,1.2872838,-0.55709434
1,2021-09-10 14:53:19,0.95469594,2.0918415,incident on i-81 sb near mm 319 drive with caution.,i-81,winchester,frederick,va,us,-0.64443415,-0.78672963,0.53417677,-0.6422932,0,0,0,0,0,0,0,0,0,0,0,1,1,1,2,1,0,0,0.6686071,-1.4168044,-0.022472888
1,2021-11-15 16:47:30,1.1418613,0.6320561,stationary traffic on pa-332 from w afton ave/langhorne pike (yardley newtown rd/pa-332) to i-95 (newtown yardley rd/pa-332) due to accident.,yardley newtown rd,morrisville,bucks,pa,us,-0.38007614,0.047891248,1.1742263,-0.6422932,0,0,0,0,0,0,0,0,0,0,0,0,1,1,2,1,0,0,0.055601574,-1.5430081,-0.11557426
1,2021-01-23 22:52:01,-0.1309874,2.0918415,slow traffic on us-81 s - i-29 s from cr-4/exit 79 (i-29) to dakota ave/exit 73 (i-29) due to accident.,i-29 s,argusville,cass,nd,us,0.7214156,-1.1850713,1.8142759,-0.6422932,0,0,0,0,0,0,0,0,0,0,0,0,0,0,2,1,0,0,1.1882882,-1.0574068,-0.00539753
2,2019-05-01 16:25:14,0.06755326,-0.687551,accident on i-94 westbound at exit 212 mn-610.,mn-610 w,maple grove,hennepin,mn,us,0.36893824,-1.0333221,-1.5993218,-0.6422932,0,0,0,0,0,0,0,0,0,0,0,1,1,1,3,0,1,0,0.055601574,0.114938535,-0.65873337
2,2017-07-27 20:47:14,0.4637341,-0.687551,accident on us-41 murfreesboro pike at hamilton church rd.,hamilton church rd,antioch,davidson,tn,us,0.10458023,0.40829572,-0.8525973,1.9978548,0,0,0,0,0,0,0,0,0,0,0,0,1,1,2,0,0,0,-1.077085,-1.0574068,-0.122079164
1,2022-06-15 15:09:16,1.2005165,-0.008412536,slow traffic on ny-27 from linden blvd (ny-27) to s conduit ave (howard beach) (west) (ny-27) due to accident.,linden blvd,howard beach,queens,ny,us,-0.027598776,0.9014808,1.600926,-0.6422932,0,0,0,0,0,0,0,0,0,1,0,1,1,1,2,1,0,0,-1.4243248,0.74940723,0.4641749
1,2022-03-10 16:55:00,0.63311803,-0.51112,incident on fenton rd near house 5516 drive with caution.,fenton rd,flint,genesee,mi,us,-0.46819547,-0.72982365,0.10747705,-0.6422932,0,0,0,0,0,0,0,0,0,0,0,1,1,1,2,1,0,0,0.6686071,-1.4168044,0.06737603
1,2017-10-24 12:10:53,0.4086415,0.5039624,at us-6/159th st/exit 73 - accident.,i-94 w,south holland,cook,il,us,1.4263703,-0.027983375,2.2398665,1.0933821,0,0,0,0,0,0,0,0,0,0,0,1,1,1,2,1,0,0,-0.557404,-1.4168044,-0.0818301
2,2017-10-05 16:46:09,-1.6101344,-0.687551,accident on or-213 82nd ave near wasco st.,ne 82nd ave,portland,multnomah,or,us,-1.6578065,0.82560617,0.12881203,0.8165437,0,0,0,0,0,0,1,0,0,1,0,1,1,1,2,0,0,0,0.6686071,-1.4168044,-0.14850532
1,2023-03-26 08:06:00,-1.3304131,1.2604405,stationary traffic on riverside fwy w - ca-91 w from ca-241 (ca-91) to weir canyon rd/yorba linda blvd (ca-91) due to accident.,ca-91 w,yorba linda,orange,ca,us,-0.23477155,-0.13728759,-0.34608492,-0.02128102,0,0,0,0,0,0,0,0,0,0,0,1,1,1,2,1,0,0,-0.117409684,-0.37068918,-0.0033535217
1,2016-09-23 07:23:54,-1.5744507,0.6393067,at willow pass rd (east) - accident.,ca-4 w,pittsburg,contra costa,ca,us,0.4570576,0.7876688,-0.052084774,-0.061423525,0,0,0,0,0,0,0,0,0,0,0,1,1,1,2,1,1,0,0.055601574,0.114938535,0.77234447
1,2022-08-14 15:36:00,-1.362173,2.0918415,slow traffic on i-110 n - harbor fwy n from florence ave (i-110) to i-110/i-10/santa monica fwy (i-110) due to accident.,harbor fwy n,los angeles,los angeles,ca,us,-0.64443415,0.25654647,1.3875762,-0.6422932,0,0,0,0,0,0,0,0,0,0,0,1,1,1,2,1,0,0,-0.557404,-1.4168044,-0.39609805
2,2017-04-11 14:50:08,0.64811033,-0.6633824,right lane blocked and right hand shoulder blocked due to accident on i-96 i-275 eastbound after i-275.,mile rd,northville,wayne,mi,us,-0.027598776,0.82560617,2.2398665,0.5792825,0,0,0,0,0,0,0,0,0,0,0,1,1,1,3,0,0,0,0.055601574,-1.5430081,-0.05133838
1,2021-02-11 01:23:00,0.4249513,-0.62229574,incident on mobile hwy near w michigan ave drive with caution.,mobile hwy,pensacola,escambia,fl,us,1.5585493,0.46520168,-0.5325725,-0.6422932,0,0,0,0,0,0,0,0,0,0,0,0,0,0,2,1,0,0,-0.557404,1.6466814,0.75039047
2,2019-03-27 06:54:38,0.75223035,-0.687551,accident on sc-302 wagener rd at joe walker ct.,wagener rd,aiken,aiken,sc,us,0.4570576,1.3377599,0.36349687,0.2885572,0,0,0,0,0,0,0,0,0,0,0,0,1,1,2,0,0,0,0.6686071,1.6466814,0.00964505
1,2018-08-08 18:19:49,-1.00134,0.86649185,at ut-103/exit 335 - accident. left lane blocked.,i-15 s,clearfield,davis,ut,us,-2.4508805,0.48417035,0.2291117,-0.1522087,0,0,0,0,0,0,0,0,0,0,0,1,1,1,3,1,1,0,0.055601574,0.114938535,0.55077136
2,2020-11-03 10:17:03,0.7177654,-0.687551,accident on us-25-br greenwood ave at us-25.,s greenwood ave,ware shoals,greenwood,sc,us,-0.90879214,-0.027983375,-1.5993218,-0.6422932,0,0,0,0,0,0,0,0,0,0,0,1,1,1,2,0,1,0,0.055601574,0.114938535,0.53206974
1,2020-12-26 15:48:20,1.0526823,0.1196812,incident on us-30 near stony battery rd expect delays.,lincoln hwy w,mountville,lancaster,pa,us,-0.6884938,-0.23663859,0.96087646,-0.6422932,0,0,0,0,0,0,0,0,0,0,0,1,1,1,2,1,0,0,0.055601574,-1.5430081,-0.09524645
2,2022-02-14 20:38:26,0.47832298,-0.687551,crash on al-143 main st both ways at cr-7 deatsville hwy.,main st,millbrook,elmore,al,us,0.5451769,0.9583867,-1.5993218,-0.6422932,0,0,0,0,0,0,0,0,0,1,0,0,0,0,2,0,1,0,0.055601574,0.114938535,-0.409921
1,2019-03-12 05:50:20,-0.13521571,1.9782488,between carrier pky/exit 456 and fm-1382/exit 457 - accident.,i-20 e,grand prairie,dallas,tx,us,1.5585493,0.9394181,-0.8525973,0.54133254,0,0,0,0,0,0,0,0,0,0,0,0,0,0,3,1,0,0,0.6686071,1.6466814,-0.09524645
2,2016-12-12 11:49:23,0.6541337,-0.6633824,right hand shoulder blocked due to accident on i-94 eastbound at exit 198 middlebelt rd.,i-94 e,romulus,wayne,mi,us,0.10458023,0.5410763,1.8356109,0.8109697,0,0,0,0,0,0,0,0,0,0,0,1,1,1,3,0,0,0,0.055601574,-1.5430081,-0.06963341
1,2022-12-04 02:38:47,0.98816884,-0.5715416,incident on us-15 nb near montresor rd road closed. take alternate route.,james monroe hwy,leesburg,loudoun,va,us,0.10458023,0.52210766,-0.10587281,-0.6422932,0,0,0,0,0,0,0,0,0,0,0,0,0,0,2,1,0,0,1.6574624,0.114938535,-0.30380976
2,2021-02-15 11:11:17,-0.038917,-0.687551,accident on jfk blvd near will clayton pkwy.,john f kennedy blvd,houston,harris,tx,us,0.2808189,0.92044944,1.3875762,-0.6422932,0,0,0,0,0,0,0,0,0,0,0,1,1,1,2,0,0,0,1.1882882,-1.0574068,0.46458143
1,2022-01-12 14:08:30,-1.3987297,-0.13892314,slow traffic on ca-184 from bonita rd to stobaugh st due to accident.,main st,lamont,kern,ca,us,-0.5563148,0.06685991,-0.31922266,-0.6422932,0,0,0,0,0,0,0,0,0,0,0,1,1,1,2,1,0,0,1.1882882,-1.0574068,0.37229317
2,2018-07-27 18:15:27,-1.3606547,-0.687551,accident on central ave at ca-90 imperial hwy.,e imperial hwy,los angeles,los angeles,ca,us,0.2808189,0.31345242,-0.1272078,0.11989498,0,0,0,0,0,0,0,0,0,1,0,1,1,1,2,0,0,0,0.6686071,-1.4168044,0.5662205
2,2017-01-12 18:01:04,-1.324256,-0.6633824,shoulder blocked on exit ramp due to accident on ca-60 westbound at exit 36 grove ave.,pomona fwy w,ontario,san bernardino,ca,us,1.3823106,0.52210766,-0.8525973,-0.005871658,0,0,0,0,0,0,0,0,0,0,0,0,0,1,2,0,0,0,0.055601574,1.7728852,0.044608884
1,2022-08-23 16:34:14,1.1859719,1.4610401,slow traffic on i-95 n - new jersey tpke n from i-280/exit 15 (new jersey tpke (e spur)/i-95) to seaview dr (new jersey tpke (e spur)/i-95) due to accident.,new jersey tpke n,kearny,hudson,nj,us,-1.1290905,0.16170318,1.8142759,-0.6422932,0,0,0,0,0,0,0,0,0,0,0,1,1,1,2,1,0,0,0.6686071,-1.4168044,-0.39040625
1,2020-11-06 14:17:00,-1.3405381,-0.4482816,slow traffic from ca-60 e to batson ave due to accident.,fullerton rd,rowland heights,los angeles,ca,us,-0.07165845,-0.23663859,0.53417677,-0.6422932,0,0,0,0,0,0,0,0,0,0,0,1,1,1,2,1,0,0,-1.5462592,0.114938535,-0.12777095
2,2016-11-27 15:00:02,1.0873796,-0.6633824,accident on i-95 southbound at exit 109a-b md-279 elkton rd.,john f kennedy memorial hwy s,elkton,cecil,md,us,-0.90879214,0.9014808,1.3449062,0.49926585,0,0,0,0,0,0,0,0,0,0,0,1,1,1,3,0,0,0,0.6686071,-1.4168044,0.23894276
1,2022-04-25 16:19:51,1.0196308,-0.5715416,incident on indian head hwy near indian head hwy drive with caution.,indian head hwy,fort washington,prince george's,md,us,-0.33601645,0.86354345,1.1742263,-0.6422932,0,0,0,0,0,0,0,0,0,0,0,1,1,1,2,1,0,0,0.6686071,1.6466814,0.6979447
1,2021-12-23 12:40:30,-1.4423158,1.7534806,stationary traffic on ca-198 w from s 11th ave (ca-198) to 14th ave (ca-198) due to accident.,ca-198 w,hanford,kings,ca,us,1.5585493,-0.21766993,0.96087646,2.3006148,0,0,0,0,0,0,0,0,0,0,0,1,1,1,2,1,0,0,-1.4243248,0.74940723,-0.21314774
1,2019-12-24 08:09:33,0.7045031,2.0918415,between 51 and fletcher ave/exit 52 - accident. left lane blocked.,i-275 n,tampa,hillsborough,fl,us,1.0298333,0.2755151,-0.9592722,-0.6422932,0,0,0,0,0,0,0,0,0,0,0,1,1,1,2,1,0,0,0.6686071,-1.4168044,-0.11435459
2,2020-02-17 12:53:56,0.535221,-0.687551,lane blocked due to accident on us-431 reeves st both ways at us-84 ross clark cir.,ross clark cir,dothan,houston,al,us,1.1179526,-0.009014718,-0.10587281,-0.6422932,0,0,0,0,0,0,0,0,0,1,0,1,1,1,2,0,0,0,-1.077085,1.2872838,0.041356433
1,2021-10-15 17:40:33,0.82687366,-0.19209412,slow traffic on county hwy-913 - fl-973 from nw 84th ave to sw 4th st due to accident.,w flagler st,miami,miami-dade,fl,us,0.10458023,0.40829572,-0.10587281,-0.6422932,0,0,0,0,0,0,0,0,0,0,0,1,1,1,2,1,0,0,1.1882882,1.2872838,-0.2851082
2,2017-08-04 14:12:09,0.5939084,-0.687551,accident on boulevard at winton ter.,boulevard ne,atlanta,fulton,ga,us,-0.07165845,0.69282556,-0.6179125,2.3006148,0,0,0,0,0,0,0,0,0,0,0,1,1,1,2,0,0,1,0.055601574,0.114938535,0.48572236
2,2020-08-17 06:59:04,0.4988772,-0.687551,restrictions due to accident on 146th st at allisonville rd.,e 146th st,fishers,hamilton,in,us,1.5585493,-1.0712595,-1.5993218,1.7933452,0,0,0,0,0,0,0,0,0,1,0,1,1,1,2,0,1,0,0.055601574,0.114938535,0.117789
2,2021-11-19 05:10:25,0.46564853,-0.687551,accident on i-65 northbound at exit 208 cr-28.,county road 28,clanton,chilton,al,us,-0.7766132,0.16170318,-0.31922266,-0.6422932,0,0,0,0,0,0,0,0,0,0,0,0,0,1,2,0,0,1,0.055601574,0.114938535,0.4434405
2,2018-09-18 09:12:31,-1.3506099,-0.687551,accident on i-405 northbound at exit 23 ca-22.,i-405 n,seal beach,orange,ca,us,-0.20383745,0.40829572,0.36349687,2.3006148,0,0,0,0,0,0,0,0,0,0,0,1,1,1,3,0,0,0,-1.4243248,-0.5195302,-4.0181074
1,2019-05-18 13:38:15,1.2669908,2.0918415,between ct-372/exit 21 and ct-9/exit 22 - accident. lane blocked.,i-91 n,cromwell,middlesex,ct,us,-1.5256275,0.52210766,0.96087646,-0.6422932,0,0,0,1,0,0,0,0,0,0,0,1,1,1,2,1,0,0,1.1882882,-1.0574068,-0.34121296
1,2022-10-02 00:33:00,0.76113963,-0.47245023,incident on rio ct near siesta ln drive with caution.,siesta ln,kissimmee,osceola,fl,us,0.8535946,0.35138974,-0.9592722,-0.6422932,0,0,0,0,0,0,0,0,0,0,0,0,0,0,2,1,0,0,1.1882882,-1.0574068,-0.5424583
1,2020-05-08 14:52:04,0.60449404,-0.687551,at paragon rd - accident.,mcewen rd,dayton,montgomery,oh,us,-0.07165845,-1.6023818,1.3875762,-0.6422932,0,0,0,0,0,0,0,0,0,1,0,1,1,1,2,1,0,0,1.6574624,0.114938535,-0.004177861
2,2017-08-23 08:53:53,-0.124117844,-0.687551,accident on i-35e northbound at i-35e exit 430a / oak lawn ave.,us-77 s,dallas,dallas,tx,us,0.10458023,0.6359196,0.12881203,1.0385345,0,0,0,0,0,0,0,0,0,1,0,1,1,1,3,0,0,0,0.6686071,1.6466814,0.040136766
2,2021-01-19 13:45:37,0.3752737,-0.687551,accident on i-55 barack obama presidential expy southbound at exit 261 il-126.,i-55 s,plainfield,will,il,us,0.2808189,-0.25560725,-0.5325725,-0.6422932,0,0,0,0,0,0,0,0,0,0,0,1,1,1,3,0,0,0,-0.557404,-1.4168044,0.2775656
2,2017-09-05 15:33:25,0.2028387,-0.687551,accident on acadian thruway at bawell st.,s acadian thruway,baton rouge,east baton rouge,la,us,-0.7766132,0.48417035,0.04156021,2.3006148,0,0,0,0,0,0,0,0,0,0,0,1,1,1,2,0,1,0,0.055601574,0.114938535,-0.45911428
1,2022-08-27 00:27:53,-0.074996665,-0.46278277,construction on 71st st near house 1671 expect delays.,e 71st st,tulsa,tulsa,ok,us,-0.11571811,-0.72982365,-1.5993218,-0.6422932,0,0,0,0,0,0,0,0,0,0,0,0,0,0,2,1,1,0,0.055601574,0.114938535,-0.59409094
2,2020-01-18 08:56:18,0.5882389,-0.687551,right lane blocked due to accident on i-285 westbound at i-75 .,ga-407 e,atlanta,cobb,ga,us,-0.20383745,-0.84363556,0.96087646,-0.6422932,0,0,0,0,0,0,0,0,0,0,0,1,1,1,3,0,0,0,-0.557404,1.6466814,0.025907299
1,2022-04-08 16:39:00,-1.2935388,2.0918415,stationary traffic on i-15 n - barstow fwy n from sidewinder rd/exit 175 (i-15) to ca-58 (i-15) due to accident.,barstow fwy n,barstow,san bernardino,ca,us,-2.671179,-2.4370027,-0.31922266,-0.6422932,0,0,0,0,0,0,0,0,0,0,0,1,1,1,2,1,0,0,1.535528,0.74940723,-0.24973781
1,2018-01-15 06:34:00,-0.58711284,0.80607027,closed at 136th ave - road closed due to accident.,us highway 85,brighton,adams,co,us,1.0298333,1.2998226,2.2398665,-0.6422932,0,0,0,0,0,0,0,0,0,0,0,0,1,1,4,1,0,0,0.6686071,1.6466814,0.43327662
1,2022-09-05 04:24:06,1.1818074,-0.53528863,incident on mccarter hwy near mccarter hwy drive with caution.,mccarter hwy,newark,essex,nj,us,0.8535946,0.74973154,-0.31922266,-0.6422932,0,0,0,0,0,0,0,0,0,0,0,0,0,0,2,1,0,0,1.535528,0.74940723,-0.63759243
2,2017-11-30 07:31:26,1.2137699,-0.687551,right hand shoulder blocked due to accident on i-84 eastbound at exit 19 ny-312.,route 312,brewster,putnam,ny,us,0.7214156,1.2808539,-0.6179125,2.3006148,0,0,0,1,0,0,0,0,0,0,0,1,1,1,3,0,0,0,1.1882882,1.2872838,-0.50749445
1,2022-12-10 10:28:00,-1.6008773,-0.59329337,incident on el camino real near house 901 right shoulder closed.,el camino real,san bruno,san mateo,ca,us,1.1179526,0.12376587,2.2398665,2.3006148,0,0,0,0,0,0,1,0,0,1,0,1,1,1,2,1,0,0,-1.5462592,0.114938535,-0.66442513
2,2021-11-12 19:57:55,0.71455914,-0.687551,accident on sc-146 woodruff rd at tanner rd.,woodruff rd,greenville,greenville,sc,us,-0.8206728,-1.4506326,-0.5325725,-0.6422932,0,0,0,0,0,0,0,0,0,0,0,0,0,0,2,0,0,0,-1.4243248,-0.5195302,0.13852337
2,2018-03-03 12:09:14,0.7312906,-0.687551,accident on sc-72 at billy leopard rd.,highway 72 w,mountville,laurens,sc,us,-1.8340452,1.0911673,0.85420156,0.79154265,0,0,0,0,0,0,0,0,0,0,0,1,1,1,2,0,0,0,1.6574624,0.114938535,-0.122079164
1,2020-01-17 10:45:19,-1.5450479,-0.687551,at la pine state recreation rd/nf-9735 - accident.,highway 97,bend,deschutes,or,us,0.67735595,-2.4370027,-0.10587281,-0.6422932,0,0,0,0,0,0,0,0,0,0,0,1,1,1,2,1,0,0,-1.5462592,0.114938535,0.27024758
1,2021-06-21 02:23:00,-1.5430006,-0.5884596,incident on palmer house dr near house 7285 drive with caution.,blackhawk dr,sacramento,sacramento,ca,us,0.10458023,0.21860915,-0.31922266,-0.6422932,0,0,0,0,0,0,0,1,0,0,0,0,0,0,2,1,0,1,0.055601574,0.114938535,0.75039047
2,2017-07-21 07:41:18,0.7511107,-0.687551,shoulder blocked due to accident on i-77 northbound near rockside rd.,outerbelt south fwy w,independence,cuyahoga,oh,us,0.63329625,0.5410763,-0.8525973,2.3006148,0,0,0,0,0,0,0,0,0,0,0,1,1,1,3,0,0,0,-0.557404,-1.4168044,-0.26681316
2,2018-03-01 11:15:00,0.38397476,-0.687551,accident on main st at us-34 ogden ave.,main st,downers grove,dupage,il,us,0.9417139,0.40829572,2.2398665,0.74624705,0,0,0,0,0,0,0,0,0,1,0,1,1,1,2,0,0,0,1.6574624,0.114938535,-0.44488478
2,2020-09-23 05:48:08,-1.3624121,-0.687551,two lanes blocked due to accident on ca-91 westbound before i-110.,harbor fwy n,gardena,los angeles,ca,us,1.1179526,0.5410763,-1.5993218,-0.6422932,0,0,0,0,0,0,0,0,0,0,0,0,1,1,2,0,1,0,0.055601574,0.114938535,-0.10012513
2,2020-12-16 16:20:55,0.3851714,-0.687551,accident on il-19 irving park rd at cr-22 addison rd.,w irving park rd,wood dale,dupage,il,us,0.32487857,-0.78672963,0.10747705,-0.6422932,0,0,0,0,0,0,0,0,0,1,0,1,1,1,2,0,0,0,1.535528,0.74940723,0.74835765
2,2020-10-06 18:22:57,-0.052021854,-0.687551,accident on fm-1093 westheimer rd at lakeside estates dr.,westheimer rd,houston,harris,tx,us,-1.3934485,0.503139,0.53417677,-0.6422932,0,0,0,0,0,0,0,0,0,0,0,1,1,1,2,0,0,0,1.1882882,1.2872838,0.7491708
1,2021-12-29 14:06:00,-1.5341773,-0.23076393,accident from sundance dr to woodmore oaks dr.,fair oaks blvd,orangevale,sacramento,ca,us,1.2501316,0.028922593,0.3208269,-0.6422932,0,0,0,0,0,0,0,0,0,0,0,1,1,1,2,1,0,0,1.1882882,-1.0574068,-0.20095107
1,2022-07-30 11:27:00,0.4269864,-0.6247126,incident on border st near lime st drive with caution.,lime st,pensacola,escambia,fl,us,0.63329625,0.74973154,0.14698115,1.5645329,0,0,0,0,0,0,0,0,0,0,0,1,1,1,2,1,0,0,-0.088488206,0.44779873,0.16494952
1,2022-01-17 17:01:32,0.9153753,2.0918415,stationary traffic on i-85 s - us-15 s from redwood rd/exit 183 (i-85) to glenn school rd/exit 180 (i-85) due to accident.,us-15,durham,durham,nc,us,-0.90879214,-0.76776093,0.96087646,-0.6422932,0,0,0,0,0,0,0,0,0,0,0,1,1,1,2,1,0,0,0.6686071,-1.4168044,0.2755328
2,2021-12-15 17:54:14,-0.11692108,-0.687551,one lane blocked due to accident on us-75 southbound at spring creek pkwy.,e spring creek pkwy,plano,collin,tx,us,-0.15977779,-0.8815729,1.8142759,-0.6422932,0,0,0,0,0,0,0,0,0,1,0,0,1,1,2,0,0,0,-1.5462592,0.114938535,0.19503467
2,2021-11-24 17:46:30,0.7960983,-0.687551,accident on us-29 morehead st at freedom dr.,freedom dr,charlotte,mecklenburg,nc,us,-1.2612696,-0.19870128,-0.5325725,-0.6422932,0,0,0,0,0,0,0,0,0,1,0,0,1,1,2,0,0,0,-1.5462592,0.114938535,-0.11557426
1,2020-12-31 23:12:00,1.0170592,-0.58120906,crash on washington bl / high st eastbound between krouse av and city al. there is a lane restriction.,high st,williamsport,lycoming,pa,us,0.8535946,0.3324211,-1.5993218,-0.6422932,0,0,0,0,0,0,0,0,0,0,0,0,0,0,2,1,1,0,0.055601574,0.114938535,0.45767
1,2021-11-22 09:32:30,0.9290148,-0.45553216,slow traffic on us-64 bus e from corporation pkwy to partin rd due to accident.,n new hope rd,raleigh,wake,nc,us,1.5585493,-0.2745759,-0.5325725,2.3006148,0,0,0,0,0,0,0,0,0,0,0,1,1,1,2,1,0,0,1.535528,-0.5195302,-0.43268812
2,2016-06-23 11:08:32,-1.372951,-0.687551,#2 lane blocked due to accident on ca-118 westbound at exits 42a 42b sepulveda blvd.,ronald reagan fwy w,mission hills,los angeles,ca,us,-0.33601645,0.6548883,-0.6179125,0.25817445,0,0,0,0,0,0,0,0,0,0,0,1,1,1,2,0,0,0,0.055601574,1.7728852,0.39749968
1,2020-10-10 01:10:00,-1.5754055,-0.5232043,incident on ca-17 sb near mm 7 drive with caution.,santa cruz hwy,scotts valley,santa cruz,ca,us,1.4263703,0.25654647,-0.9592722,-0.6422932,0,0,0,0,0,0,0,0,0,0,0,0,0,0,2,1,0,0,0.6686071,1.6466814,0.18934289
1,2022-01-22 17:44:30,0.75920445,-0.2791012,slow traffic on fl-535 - county hwy-435 from vinings way blvd to hotel plaza blvd due to accident.,s apopka vineland rd,orlando,orange,fl,us,1.206072,0.7876688,0.10747705,-0.6422932,0,0,0,0,0,0,0,0,0,0,0,1,1,1,2,1,0,0,1.6574624,0.114938535,-0.2619345
2,2018-01-31 16:08:10,0.39011967,-0.687551,restrictions due to accident on county hwy-22 delany rd both ways at us-41 skokie hwy.,n delany rd,gurnee,lake,il,us,-0.20383745,0.10479722,-0.36189264,0.8956479,0,0,0,0,0,0,0,0,0,1,0,1,1,1,2,0,0,0,-0.557404,-1.4168044,0.3397687
2,2020-01-17 17:33:20,0.7035854,-0.687551,accident on us-25 at gap creek rd.,highway 25,marietta,greenville,sc,us,-1.7899855,-0.4073565,0.53417677,-0.6422932,0,0,0,0,0,0,0,0,0,0,0,1,1,1,2,0,0,0,-0.557404,1.6466814,-0.461147
2,2021-03-04 10:36:29,0.72950107,-0.687551,accident on river ridge dr at bolling rd.,river ridge dr,augusta,richmond,ga,us,-1.3934485,-0.103858,0.10747705,-0.6422932,0,0,0,0,0,0,0,0,0,0,0,1,1,1,2,0,0,0,1.535528,-0.5195302,-0.38430792
1,2022-10-14 07:15:00,0.09213643,2.0918415,slow traffic on us-52 n from butler ave (us-52) to i-94/us-10 (us-52) due to accident.,us-52 n,saint paul,ramsey,mn,us,1.3823106,-1.6403191,-0.9592722,1.5645329,0,0,0,0,0,0,0,0,0,0,0,0,1,1,2,1,0,0,-1.5462592,0.114938535,0.38448986
1,2022-11-20 12:56:00,0.8367634,1.1565154,incident on sr-9 nb near stirling rd drive with caution.,i-95 n,dania,broward,fl,us,1.5585493,0.7117942,2.0276258,2.3006148,0,0,0,0,0,0,0,0,0,0,0,1,1,1,2,1,0,0,0.6686071,1.6466814,0.091769405
1,2023-02-01 06:45:30,-1.0017972,2.0918415,slow traffic on az-51 s from 32nd st/exit 8 (az-51) to thomas rd/exit 2 (az-51) due to accident.,piestewa fwy s,phoenix,maricopa,az,us,0.23675925,-2.418034,-1.5993218,-0.6422932,0,0,0,0,0,0,0,0,0,0,0,0,1,1,2,1,1,0,0.055601574,0.114938535,-0.164361
1,2022-04-10 00:02:00,1.0767978,0.3468663,incident on pa-61 sb near i-78 drive with caution.,pa-61,hamburg,berks,pa,us,0.2808189,-0.55910575,0.3208269,-0.6422932,0,0,0,0,0,0,0,0,0,0,0,0,0,0,2,1,0,0,0.6686071,-1.4168044,-1.2498661
2,2019-02-12 07:40:00,0.63927895,-0.687551,left hand shoulder blocked due to accident on i-85 southbound before exit 140 ga-82 dry pond rd.,ga-403 n,jefferson,jackson,ga,us,0.18336013,-0.24579804,-0.12916727,2.04273,0,0,0,0,0,0,0,0,0,0,0,1,1,1,2,0,0,0,0.07223471,-0.09768235,-0.0033535217
2,2017-02-16 09:01:35,0.38807532,-0.687551,accident on 1st st at york st.,n york st,elmhurst,dupage,il,us,-1.0850308,0.57901365,0.12881203,2.3006148,0,0,0,0,1,0,0,1,0,0,0,1,1,1,2,0,0,0,-1.4243248,0.74940723,0.27675247
1,2022-09-02 14:52:15,1.1307636,-0.10992078,stationary traffic on pa-232 from pa-63/welsh rd/philmont ave (huntingdon pike/pa-232) to byberry rd (huntingdon pike/pa-232) due to accident.,huntingdon pike,huntingdon valley,montgomery,pa,us,-1.1731502,0.8445748,-0.10587281,-0.6422932,0,0,0,0,0,0,0,0,0,0,0,1,1,1,2,1,0,0,0.055601574,1.7728852,-0.024099115
1,2021-01-05 19:38:00,-1.5435634,-0.5836259,sb. sil niss max vs gry hond acc,fleming ave,sacramento,sacramento,ca,us,0.8976543,1.05323,-1.5993218,-0.6422932,0,0,0,0,0,0,0,0,0,0,0,0,0,0,2,1,1,0,0.055601574,0.114938535,-0.3473113
2,2018-02-07 01:21:16,-1.3352069,-0.687551,accident on ca-60 eastbound at exit 26 ca-57.,pomona fwy e,diamond bar,los angeles,ca,us,-1.9221646,0.9394181,-0.15870687,0.25817445,0,0,0,0,0,0,0,0,0,0,0,0,0,0,2,0,1,0,0.055601574,0.114938535,-24.026772
2,2018-01-18 08:41:56,1.1159703,-0.687551,slow traffic due to accident on us-30 lancaster ave eastbound at prospect ave.,prospect ave,bryn mawr,delaware,pa,us,-0.29195678,0.82560617,0.12881203,0.44934314,0,0,0,0,0,0,0,0,0,0,0,1,1,1,2,0,0,0,0.6686071,-1.4168044,0.18771666
1,2020-10-16 11:03:00,0.89205354,2.0918415,near elrod / mile marker 7 heading south. the left lane is closed near exit 7 (east raynham road).,i-95 s,fairmont,robeson,nc,us,0.04173559,-0.10134981,-0.13593426,1.0927044,0,0,0,0,0,0,0,0,0,0,0,1,1,1,2,1,0,0,-0.035196677,-0.091276646,-0.0033535217
1,2021-08-07 14:53:16,0.12188769,-0.6633824,incident on us-53 near us-953a drive with caution.,shady pines dr,virginia,st. louis,mn,us,0.36893824,-2.418034,0.10747705,-0.6422932,0,0,0,0,0,0,0,0,0,0,0,1,1,1,2,1,0,0,-1.077085,1.2872838,-0.02369256
2,2019-06-20 08:29:16,0.82769364,-0.687551,accident on i-595 westbound at flamingo rd.,i-595 w,fort lauderdale,broward,fl,us,0.5451769,0.7687002,-0.9592722,-0.6422932,0,0,0,0,0,0,0,0,0,0,0,1,1,1,3,0,0,0,-1.077085,-1.0574068,-0.5603468
2,2017-11-08 19:27:49,0.84386826,-0.687551,accident on us-52 goose creek blvd at us-176 saint james ave.,n goose creek blvd,goose creek,berkeley,sc,us,1.3823106,0.82560617,0.36349687,0.34346893,0,0,0,0,0,0,0,0,0,1,0,0,0,0,2,0,0,0,1.535528,0.74940723,-0.6688972
2,2019-10-18 18:40:07,0.7137868,-0.687551,accident on sc-146 woodruff rd at park woodruff dr.,woodruff rd,greenville,greenville,sc,us,-0.7325535,-1.4696013,-0.9592722,-0.6422932,0,0,0,0,0,0,0,0,0,0,0,1,1,1,2,0,0,0,-1.5462592,0.114938535,-0.29567865
2,2018-10-10 03:53:07,-1.3688544,1.2217708,entry ramp to us-101 southbound from laurel canyon blvd shoulder blocked due to accident.,laurel canyon blvd,valley village,los angeles,ca,us,0.9857736,0.2755151,-0.36189264,0.5151257,0,0,0,0,0,0,1,0,0,1,0,0,0,0,2,0,0,0,-1.4243248,0.74940723,0.02143518
2,2021-12-25 16:41:48,-1.3573196,-0.687551,#1 lane blocked due to accident on ca-110 northbound at exit 28a avenue 52. sigalert issued.,s avenue 52,los angeles,los angeles,ca,us,0.41299793,0.1996405,-1.5993218,-0.6422932,0,0,0,0,0,0,0,1,0,0,0,1,1,1,2,0,1,0,0.055601574,0.114938535,-0.2302231
2,2020-12-16 04:05:23,-0.12895688,-0.687551,accident on i-35e northbound at valwood pkwy.,valwood pkwy,dallas,dallas,tx,us,1.1179526,-0.48323113,0.53417677,-0.6422932,0,0,0,0,0,0,0,0,0,1,0,0,0,0,3,0,0,0,1.535528,-0.5195302,0.75974125
1,2020-09-30 23:47:00,0.5920984,0.36620122,incident on i-285 wb near riverside dr right lane blocked. expect delays.,ga-407 w,atlanta,fulton,ga,us,1.0298333,-1.4316639,-1.5993218,-0.6422932,0,0,0,1,0,0,0,0,0,0,0,0,0,0,2,1,1,0,0.055601574,0.114938535,-0.20095107
2,2020-08-24 06:23:31,-0.12873243,-0.687551,two lanes blocked due to accident on i-35e southbound at walton walker blvd.,tx-12 loop s,dallas,dallas,tx,us,-0.20383745,-0.3125132,-0.9592722,-0.6422932,0,0,0,1,0,0,0,0,0,0,0,0,1,1,3,0,0,0,0.055601574,1.7728852,-0.7006087
1,2021-11-03 09:56:30,0.20839912,1.0985107,slow traffic on i-12 w from millerville rd (i-12) to airline hwy (i-12) due to accident.,i-12 w,baton rouge,east baton rouge,la,us,0.19269957,0.8825121,0.3208269,-0.6422932,0,0,0,0,0,0,0,0,0,0,0,1,1,1,2,1,0,0,0.6686071,1.6466814,0.10396609
1,2022-04-04 14:14:34,0.44646373,2.0918415,incident on i-24 eb near mm 33 expect long delays.,i-24,joelton,cheatham,tn,us,-1.6578065,-0.653949,-1.5993218,-0.6422932,0,0,0,0,0,0,0,0,0,0,0,1,1,1,2,1,1,0,0.055601574,0.114938535,0.544673
2,2017-10-19 16:10:01,0.21461307,2.0918415,left lane blocked due to accident on i-10 eastbound from exit 173 la-73 to exit 177 la-30.,w highway 30,gonzales,ascension,la,us,-0.8206728,0.69282556,0.10747705,-0.6422932,0,0,0,0,0,0,0,0,0,0,0,1,1,1,3,0,0,0,1.1882882,1.2872838,0.43368316
2,2018-07-12 17:28:40,-1.365287,-0.687551,lane blocked due to accident on us-101 northbound at highland ave.,hollywood fwy s,los angeles,los angeles,ca,us,-0.90879214,0.40829572,1.3449062,0.11989498,0,0,0,0,0,0,0,0,0,0,0,1,1,1,2,0,0,0,-1.4243248,0.74940723,-0.57498276
1,2021-10-24 08:07:24,-0.6520663,2.0918415,incident on i-70 eb near mp 213 road closed. take alternate route.,i-70 e,dillon,summit,co,us,0.060520563,-2.4370027,0.10747705,1.5645329,0,0,0,0,0,0,0,0,0,0,0,1,1,1,2,1,0,0,1.1882882,-1.0574068,0.36985385
1,2022-08-23 17:03:00,-1.572678,2.0918415,stationary traffic on nimitz fwy n - i-880 n from dixon landing rd (i-880) to auto mall pkwy (i-880) due to accident.,i-880 n,fremont,alameda,ca,us,0.016460894,0.1996405,1.600926,0.41238087,0,0,0,0,0,0,0,0,0,0,0,1,1,1,2,1,0,0,1.535528,-0.5195302,0.40888324
2,2019-08-15 11:18:37,0.4295178,-0.687551,lane blocked due to accident on fl-291 davis hwy at atwood dr.,n davis hwy,pensacola,escambia,fl,us,0.67735595,0.29448378,-0.9592722,-0.6422932,0,0,0,0,0,0,0,0,0,0,0,1,1,1,2,0,0,1,0.055601574,0.114938535,0.6434662
2,2018-07-23 07:22:38,0.71025175,-0.687551,accident on fl-331 williston rd at 23rd st.,sw williston rd,gainesville,alachua,fl,us,0.9857736,0.25654647,-0.6179125,1.558394,0,0,0,0,0,0,0,0,0,1,0,1,1,1,2,0,0,0,-1.4243248,-0.5195302,0.7414462
1,2021-05-01 02:24:00,-1.4047568,-0.10267019,accident from wilson rd to southgate dr.,s j st,bakersfield,kern,ca,us,-1.3493888,-0.46426246,-0.31922266,-0.6422932,0,0,0,0,0,0,0,0,0,0,0,0,0,0,2,1,0,0,1.6574624,0.114938535,0.75039047
2,2019-11-13 13:17:10,-0.22039597,-0.687551,#4 #5 lane blocked due to accident on us-281 southbound at isom rd.,us-281 s,san antonio,bexar,tx,us,-0.20383745,-0.5780744,-0.5325725,-0.6422932,0,0,0,0,0,0,0,0,0,0,0,1,1,1,2,0,0,1,0.055601574,0.114938535,0.6568825
2,2017-02-17 08:36:08,0.84497297,-0.687551,accident on gilmartin ln at oneida st.,gilmartin ln,pittsburgh,allegheny,pa,us,0.19269957,0.52210766,-0.6179125,0.8599278,0,0,0,0,0,0,0,0,0,0,0,1,1,1,2,0,0,0,-1.077085,1.2872838,-0.3928456
2,2018-04-12 16:10:00,0.7829538,-0.687551,accident on fl-415 at lake ashby rd.,s state road 415,new smyrna beach,volusia,fl,us,-0.51225513,0.9583867,0.36349687,1.6625963,0,0,0,0,0,0,0,0,0,0,0,1,1,1,2,0,0,0,1.535528,0.74940723,0.5796369
1,2021-07-10 08:16:00,-1.0976341,-0.56912476,construction on us-93 sb near e marble dr road closed. take alternate route.,us-93 n,kingman,mohave,az,us,-0.90879214,-2.4370027,-0.9592722,-0.6422932,0,0,0,0,0,0,0,0,0,0,0,1,1,1,4,1,0,0,-1.077085,1.2872838,0.6284236
2,2018-01-19 19:42:48,0.66659814,-0.687551,two right lane blocked and right hand shoulder blocked due to accident on i-696 eastbound at exit 18 i-75.,i-696 e,royal oak,oakland,mi,us,0.016460894,0.25654647,1.3449062,0.361144,0,0,0,0,0,0,0,0,0,0,0,0,0,0,3,0,0,0,-1.4243248,-0.5195302,0.2088576
1,2021-08-11 16:28:56,1.168789,1.9516633,slow traffic on i-80 w from beverwyck rd/exit 45 (i-80) to us-202/exit 42 (i-80) due to accident.,i-80 w,parsippany,morris,nj,us,-0.07165845,0.18067184,1.1742263,-0.6422932,0,0,0,0,0,0,0,0,0,0,0,1,1,1,2,1,0,0,-1.4243248,-0.5195302,-0.37333092
1,2022-05-23 22:12:00,-1.5908234,1.7510637,accident on brittan ave (us-101) from whipple ave (us-101) to us-101 s - bayshore fwy s.,us-101,redwood city,san mateo,ca,us,0.10458023,0.42726436,-0.31922266,-0.6422932,0,0,0,0,0,0,0,0,0,0,0,0,0,0,2,1,0,0,0.6686071,-1.4168044,-0.05459083
2,2020-09-11 22:19:23,1.3701055,-0.687551,accident on ma-123 market st at highland st.,market st,rockland,plymouth,ma,us,1.073893,1.0911673,-1.5993218,-0.6422932,0,0,0,0,0,0,0,0,0,1,0,0,0,0,2,0,1,0,0.055601574,0.114938535,-0.09402679
1,2019-03-15 00:51:05,0.98868644,0.75048244,at va-619/bristow rd/linton hall rd - accident.,nokesville rd,manassas,prince william,va,us,-0.33601645,0.5410763,1.3449062,-0.10410426,0,0,0,0,0,0,0,0,0,0,0,0,0,0,3,1,0,0,-1.5462592,0.114938535,-0.10134479
2,2017-10-18 06:10:55,1.1260991,-0.687551,accident on pa-73 church rd at bent rd.,church rd,wyncote,montgomery,pa,us,1.5585493,1.2998226,-0.10697447,0.6572739,0,0,0,0,0,0,0,0,0,0,0,0,0,1,2,0,1,0,0.055601574,0.114938535,-0.08101699
1,2016-07-20 07:59:10,1.034843,-0.5908765,at md-295/baltimore washington pky - accident.,md-100 w,hanover,anne arundel,md,us,0.5011172,0.9773554,0.85420156,0.6451396,0,0,0,0,0,0,0,0,0,0,0,1,1,1,2,1,0,0,0.6686071,1.6466814,0.1446217
1,2020-10-29 21:47:36,0.8342232,2.0918415,slow traffic from i-95/i-395/fl-836/dolphin expy (i-95 hov) to i-95 (miami) (south) (i-95 hov) due to accident.,i-95 n,miami,miami-dade,fl,us,0.8976543,0.52210766,-1.5993218,-0.6422932,0,0,0,1,0,0,0,0,0,0,0,0,0,0,2,1,1,0,0.055601574,0.114938535,-0.11313493
2,2020-01-21 09:18:36,0.9938223,-0.687551,accident on i-90 eastbound after exit 45 i-490.,i-490 e,victor,ontario,ny,us,1.0298333,0.40829572,-0.31922266,-0.6422932,0,0,0,0,0,0,0,0,0,0,0,1,1,1,2,0,0,0,-0.557404,-1.4168044,0.61866623
1,2020-10-05 18:44:51,-1.6304585,1.074342,an animal has been struck and is creating a hazard. there should be no to minimum delay. to traffic. use caution.,or-126,springfield,lane,or,us,0.5892366,0.085828565,-0.10587281,-0.6422932,0,0,0,0,0,0,0,0,0,0,0,0,1,1,2,1,0,0,1.535528,0.74940723,-0.20461006
1,2020-09-13 23:27:00,0.26762295,0.27919415,queuing traffic on i-240 e in exit [6b] due to accident.,i-240 s,memphis,shelby,tn,us,0.8535946,0.10479722,0.3208269,-0.6422932,0,0,0,0,0,0,0,0,0,0,0,0,0,0,2,1,0,0,0.6686071,1.6466814,-0.64003175
1,2019-09-11 14:10:15,-1.3608831,0.70939577,between central ave and pacific ave - accident.,ca-134 w,glendale,los angeles,ca,us,-0.7325535,-1.0143535,0.53417677,-0.6422932,0,0,0,1,0,0,0,0,0,0,0,1,1,1,3,1,0,0,-1.4243248,0.74940723,0.43937495
1,2023-03-29 13:35:00,-1.5503938,-0.6633824,accident on striplin rd at el centro blvd.,striplin rd,nicolaus,sutter,ca,us,0.060520563,0.06685991,2.2398665,-0.6422932,0,0,0,0,0,0,0,0,0,0,0,1,1,1,2,1,0,0,-1.4243248,0.74940723,0.018589286
1,2021-08-01 18:59:00,-1.3621484,2.0918415,slow traffic on i-110 n - harbor fwy n from slauson ave (i-110) to martin luther king jr blvd (i-110) due to accident.,harbor fwy n,los angeles,los angeles,ca,us,-0.8206728,0.21860915,-1.5993218,-0.6422932,0,0,0,0,0,0,0,0,0,0,0,1,1,1,2,1,1,0,0.055601574,0.114938535,0.18934289
1,2022-03-02 13:38:00,1.2086511,-0.48936826,nysdot - region 8: crash on ny 82 southbound north of taconic state parkway; ramp (taghkanic) right shoulder of 2 lanes blocked 909 state hwy 82.,taconic state pkwy,ancram,columbia,ny,us,-0.8647325,0.21860915,-0.5325725,-0.6422932,0,0,1,0,0,0,0,0,0,0,0,1,1,1,2,1,0,0,0.055601574,-1.5430081,-0.3473113
2,2016-11-28 14:05:14,-1.5237827,-0.6633824,accident on ca-49 grass valley hwy at edgewood rd.,edgewood rd,auburn,placer,ca,us,1.5585493,0.6548883,0.12881203,-0.19205937,0,0,0,0,0,0,0,0,0,1,0,1,1,1,2,0,0,0,0.6686071,-1.4168044,-0.21965264
2,2017-01-28 16:31:10,-0.17995737,-0.6633824,accident on i-35 frontage rd southbound at exits 226 227 / interstate 35 / slaughter ln.,w slaughter ln,austin,travis,tx,us,-1.8781049,1.1291046,1.3449062,1.2635992,0,0,0,0,0,0,0,0,0,1,0,1,1,1,3,0,0,0,1.1882882,-1.0574068,-0.51399934
1,2022-06-23 10:45:05,0.9409764,2.0918415,stationary traffic on i-90 e - new york state trwy e from ny-77 conn/exit 48a (i-90) to ny-98/exit 48 (i-90) due to accident.,i-90 e,corfu,genesee,ny,us,-0.24789712,-0.9764162,0.3208269,-0.6422932,0,0,0,0,0,0,0,0,0,0,0,1,1,1,2,1,0,0,0.6686071,-1.4168044,-0.1989183
2,2022-08-08 23:46:16,0.7922473,-0.687551,right lane blocked due to crash on i-77 southbound at exit 90 us-21.,carowinds blvd,fort mill,york,sc,us,0.9857736,-0.48323113,-0.31922266,-0.6422932,0,0,0,0,0,0,0,0,0,0,0,0,0,0,3,0,0,0,-1.4243248,-0.5195302,-0.17005278
2,2019-06-18 17:15:45,-1.5888381,-0.687551,left lane blocked due to accident on i-5 southbound after wa-526.,i-5 s,everett,snohomish,wa,us,0.5892366,-0.16076396,-0.31922266,-0.6422932,0,0,0,0,0,0,0,0,0,0,0,1,1,0,3,0,0,0,1.535528,-0.5195302,0.5735385
1,2020-10-14 04:22:51,1.1955736,2.0652559,crash on franklin d. roosevelt drive northbound approaching exit 14 - east 96th street (new york) 2 lanes blocked,fdr dr n,new york,new york,ny,us,0.5451769,0.31345242,-0.31922266,-0.6422932,0,0,1,1,0,0,0,0,0,0,0,0,0,0,2,1,0,1,0.055601574,0.114938535,-0.66808414
2,2020-11-25 07:54:23,-0.053380895,-0.687551,accident on overbrook ln at gray falls dr.,overbrook ln,houston,harris,tx,us,0.5011172,0.5410763,0.10747705,-0.6422932,0,0,0,0,0,0,0,0,0,0,0,1,1,1,2,0,0,0,1.6574624,0.114938535,0.05233345
2,2016-12-10 17:05:19,-0.04990487,-0.687551,accident on sapling way both ways in houston.,sapling way,houston,harris,tx,us,0.19269957,1.2429166,0.85420156,1.5799973,0,0,0,0,0,0,0,0,0,0,0,1,1,1,2,0,0,0,-0.557404,1.6466814,0.3190343
2,2022-08-18 17:45:24,0.77552336,-0.687551,lane blocked due to crash on sc-602 platt springs rd at sc-6 lake dr.,platt springs rd,lexington,lexington,sc,us,-0.11571811,0.06685991,0.3208269,-0.6422932,0,0,0,0,0,0,0,0,0,1,0,1,1,1,2,0,0,0,-1.077085,1.2872838,-0.23998047
1,2022-12-12 17:34:26,0.82248014,-0.28151804,slow traffic on sw 288th st from pine island rd/sw 132nd ave (biscayne dr/sw 288th st) to tallahassee rd (biscayne dr/sw 288th st) due to accident.,sw 288th st,homestead,miami-dade,fl,us,-0.11571811,0.5410763,-0.9592722,-0.6422932,0,0,0,0,0,0,0,0,0,0,0,0,1,1,2,1,0,0,0.6686071,-1.4168044,-0.4831011
1,2022-04-22 06:47:00,-1.5378977,1.2096864,incident on i-80 wb near antelope rd drive with caution.,i-80 w,sacramento,sacramento,ca,us,1.2501316,0.40829572,-0.9592722,-0.6422932,0,0,0,0,0,0,0,0,0,0,0,1,1,1,2,1,0,0,-0.557404,1.6466814,-0.17655769
2,2020-04-15 08:33:03,-1.6079566,-0.687551,hov lane blocked due to accident on wa-16 eastbound at exit 4 jackson ave.,tacoma narrows brg,tacoma,pierce,wa,us,1.2501316,0.6169509,-0.9592722,-0.6422932,0,0,0,0,0,0,0,0,0,0,0,1,1,1,2,0,0,0,0.6686071,-1.4168044,-0.4680585
1,2022-12-20 01:19:00,-1.6097399,-0.617462,accident on us-101 s from san antonio rd (us-101) to atherton ave/san marin dr (us-101).,us-101,novato,marin,ca,us,1.2501316,1.1480733,-0.5325725,-0.6422932,0,0,0,0,0,0,0,0,0,0,0,0,0,0,2,1,0,0,0.055601574,1.7728852,0.11616278
1,2021-09-12 15:00:30,-1.340287,-0.06400038,slow traffic from jellick ave to ca-60 e due to accident.,jellick ave,rowland heights,los angeles,ca,us,-1.3493888,0.16170318,0.10747705,-0.6422932,0,0,0,0,0,0,1,0,0,1,0,1,1,1,2,1,0,0,-1.5462592,0.114938535,0.20153958
2,2019-11-22 00:28:53,-1.3486937,-0.687551,accident on i-5 southbound at exit 119 carmenita rd.,carmenita rd,santa fe springs,los angeles,ca,us,0.67735595,0.5979823,-0.5325725,-0.6422932,0,0,0,0,0,0,0,0,0,0,0,0,0,0,3,0,0,0,0.055601574,1.7728852,-0.56969756
2,2018-05-14 08:49:56,-0.049672045,-0.687551,accident on braeswood blvd at gessner rd.,s braeswood blvd,houston,harris,tx,us,0.63329625,0.69282556,-0.36189264,1.5799973,0,0,0,0,0,0,0,0,0,1,0,1,1,1,2,0,0,0,-1.4243248,0.74940723,-0.056217052
1,2020-11-04 14:46:30,0.69926816,-0.39027688,slow traffic on fl-580 from tampa to veterans expy s due to accident.,eisenhower blvd,tampa,hillsborough,fl,us,-1.2612696,0.9583867,0.96087646,-0.6422932,0,0,0,0,0,0,0,0,0,0,0,1,1,1,2,1,0,0,0.6686071,1.6466814,-0.13996764
2,2021-11-04 17:17:23,1.2428566,-0.687551,lane blocked due to accident on i-84 westbound before exit 16 ct-188 strongtown rd.,i-84 w,middlebury,new haven,ct,us,-0.8206728,-0.35045052,-0.31922266,-0.6422932,0,0,0,0,0,0,0,0,0,0,0,1,1,1,3,0,0,0,1.6574624,0.114938535,0.6621678
1,2022-12-31 00:20:00,1.1263802,0.5716346,slow traffic on i-95 s from delaware ave/exit 23 (i-95) to columbus blvd/exit 20 (philadelphia) (east) (i-95) due to accident.,i-95 s,philadelphia,philadelphia,pa,us,1.206072,0.9394181,-1.5993218,-0.6422932,0,0,0,0,0,0,0,0,0,0,0,0,0,0,2,1,1,0,0.055601574,0.114938535,-0.81078535
1,2022-06-08 00:28:57,-1.2850413,-0.41927925,an unconfirmed report of a crash has been received. use caution.,highway 201,ontario,malheur,or,us,-0.20383745,-2.4370027,-1.5993218,-0.6422932,0,0,0,0,0,0,0,0,0,0,0,0,0,0,2,1,1,0,0.055601574,0.114938535,-0.5680713
1,2021-03-06 11:04:00,0.9382585,2.0918415,crash on pa 555 both directions between 1 miles east of curtis wright rd and lc to/from gray hill rd. there is a traffic disruption.,route 555,weedville,elk,pa,us,-0.15977779,-2.2283475,1.1742263,-0.6422932,0,0,0,0,0,0,0,0,0,0,0,1,1,1,2,1,0,0,0.055601574,-1.5430081,0.26252303
1,2020-11-20 10:14:15,-1.5366093,-0.18242666,the highway is closed. use alternate routes. ramps affected.,bend pkwy s,bend,deschutes,or,us,-0.25828955,-2.4370027,0.0932929,0.11255522,0,0,0,0,0,0,0,0,0,0,0,1,1,1,2,1,0,0,-0.11687206,-0.10880074,-0.0033535217
1,2020-10-03 23:08:00,0.5488056,2.0918415,incident on i-75 nb near ga-2 road closed. take alternate route.,ga-401 n,ringgold,catoosa,ga,us,0.9417139,-0.42632514,-1.5993218,-0.6422932,0,0,0,0,0,0,0,0,0,0,0,0,0,0,2,1,1,0,0.055601574,0.114938535,0.38448986
2,2017-01-27 09:10:26,-0.050284736,-0.6633824,accident on harwin dr at gessner rd.,s gessner rd,houston,harris,tx,us,-1.0850308,1.2618853,0.6195167,1.5799973,0,0,0,0,0,0,0,0,0,1,0,1,1,1,2,0,0,0,1.1882882,1.2872838,-0.092807114
1,2021-12-23 17:38:00,0.99154514,-0.14859058,slow traffic on va-147 from i-195/va-76 (w cary st/va-147) to s meadow st (w cary st/va-147) due to accident.,w cary st,richmond,richmond city,va,us,-0.60037446,0.69282556,-0.31922266,-0.6422932,1,0,0,0,0,0,0,0,0,1,0,0,1,1,2,1,0,0,-1.4243248,0.74940723,-0.37170467
2,2021-05-01 06:03:34,-1.3623703,-0.687551,slow lane blocked due to accident on i-10 eastbound at exits 10 11 12 ca-110 exits 22 22a 22b.,i-10 e,los angeles,los angeles,ca,us,0.80953497,0.18067184,-1.5993218,-0.6422932,0,0,0,0,0,0,1,0,0,0,0,1,1,1,3,0,1,0,0.055601574,0.114938535,0.3007393
2,2018-04-30 16:30:51,-1.3928641,-0.687551,accident on county hwy-n9 kanan rd near hidden highland rd.,hidden highland rd,agoura hills,los angeles,ca,us,-0.29195678,0.44623303,-0.8525973,0.96798587,0,0,0,0,0,0,0,0,0,0,0,1,1,1,2,0,0,1,0.055601574,0.114938535,-0.47293717
1,2018-01-23 08:21:14,0.2625749,0.89066046,between la-611-9/metairie rd/exit 231 and end blvd/florida blvd/exit 231 - accident. left lane blocked.,pontchartrain expy w,new orleans,orleans,la,us,0.41299793,0.9394181,0.12881203,0.3735553,0,0,0,0,0,0,0,0,0,0,0,1,1,1,2,1,0,0,0.055601574,-1.5430081,0.7072955
1,2022-08-29 06:07:00,1.1980306,1.2894429,slow traffic on i-278 w from brooklyn queens expy/exit 39 (i-278) to queens blvd/exit 36b (i-278) due to accident.,brooklyn queens expy,woodside,queens,ny,us,0.7654753,0.82560617,0.10747705,-0.6422932,0,0,0,0,0,0,0,0,0,0,0,0,1,1,2,1,0,0,-1.5462592,0.114938535,0.40888324
2,2020-02-20 07:22:33,1.0955433,-0.687551,accident on fellowship rd at pa-401 conestoga rd.,fellowship rd,chester springs,chester,pa,us,-0.4241358,0.14273453,0.10747705,-0.6422932,0,0,1,0,0,0,0,0,0,1,0,1,1,1,2,0,0,0,1.6574624,0.114938535,0.20275925
1,2021-12-10 18:27:57,1.01256,-0.5522067,incident on i-66 eb near mm 71 drive with caution.,custis memorial pkwy e,arlington,arlington,va,us,0.2808189,0.7687002,-0.10587281,1.5645329,0,0,0,0,0,0,0,0,0,0,0,0,0,0,2,1,0,0,-0.557404,1.6466814,-0.5680713
2,2021-01-15 05:32:58,0.07988966,-0.687551,left hand shoulder blocked due to accident on i-94 westbound at lowry ave.,i-94 w,minneapolis,hennepin,mn,us,0.8976543,-1.5834131,0.53417677,-0.6422932,0,0,0,0,0,0,0,0,0,0,0,0,0,0,2,0,0,0,1.535528,-0.5195302,-25.351332
2,2019-04-09 11:49:17,0.89616,-0.687551,accident on us-17 ocean hwy at petigru dr.,ocean hwy,pawleys island,georgetown,sc,us,1.2941914,0.2755151,-0.10587281,-0.6422932,0,0,0,0,0,0,0,0,0,0,0,1,1,1,2,0,0,0,0.6686071,-1.4168044,-0.1208595
2,2019-10-11 13:27:03,-1.5463794,-0.687551,#2 lane blocked due to accident on ca-99 northbound at us-50 exits 6b 6c 7.,ca-99 n,sacramento,sacramento,ca,us,-1.9662242,0.5979823,-0.31922266,-0.6422932,0,0,0,1,0,0,0,0,0,0,0,1,1,1,2,0,0,0,1.535528,-0.5195302,-0.61441875
1,2023-01-22 11:50:36,0.60131186,-0.056749795,incident on us-22 eb near us-22 drive with caution.,us-22,maineville,warren,oh,us,1.3823106,-0.9574475,-1.5993218,2.3006148,0,0,0,0,0,0,0,0,0,0,0,1,1,1,2,1,1,0,0.055601574,0.114938535,-0.039954808
2,2017-09-21 12:43:14,-1.5628335,-0.687551,accident on ca-68 monterey salinas hwy eastbound at a rd.,monterey salinas hwy,salinas,monterey,ca,us,-0.46819547,0.56004494,1.8356109,-0.1353669,0,0,0,0,0,0,0,0,0,0,0,1,1,1,2,0,0,0,0.055601574,-1.5430081,-0.21965264
2,2017-08-25 15:21:12,-0.043330494,-0.687551,accident on university blvd at kirby dr.,kirby dr,houston,harris,tx,us,0.10012243,0.6180537,0.30358094,1.5799973,0,0,0,0,0,0,0,0,0,1,0,1,1,1,2,0,0,0,-0.086983,0.48081845,-0.0033535217
1,2021-09-09 03:06:31,0.92583793,-0.4603659,incident on meadowbrook dr near house 1404 expect delays.,randell rd,garner,wake,nc,us,1.2501316,-0.5401371,0.10747705,-0.6422932,0,0,0,0,0,0,0,0,0,0,0,0,0,0,2,1,0,0,-1.4243248,-0.5195302,0.39709312
2,2017-01-06 18:01:38,-0.15305404,-0.6633824,#1 &amp; #2 lane blocked queueing traffic and left hand shoulder blocked due to accident on i-35w southbound after felix st.,i-35w s,fort worth,tarrant,tx,us,0.1486399,1.4895091,2.0916307,1.7589697,0,0,0,0,0,0,0,0,0,0,0,0,1,1,3,0,0,0,1.535528,-0.5195302,0.42433238
1,2018-12-03 21:07:00,-0.99518716,0.11726434,at us-89/exit 312 - accident.,i-15 n,salt lake city,salt lake,ut,us,0.4570576,1.3946658,-0.1272078,0.3986704,0,0,0,1,0,0,0,0,0,0,0,0,0,0,2,1,0,0,-1.4243248,0.74940723,0.33570313
2,2022-06-23 18:38:43,1.2160629,-0.687551,right lane blocked due to crash on northern pkwy eastbound at exit 32 post ave.,northern state pkwy w,westbury,nassau,ny,us,0.5892366,0.40829572,0.10747705,-0.6422932,0,0,0,0,0,0,0,0,0,0,0,1,1,1,2,0,0,0,-1.077085,1.2872838,-0.3298294
2,2019-06-22 08:38:14,0.08836101,-0.687551,accident on i-35e northbound at exit 102 mn-13.,i-35e s,saint paul,dakota,mn,us,-0.60037446,-0.72982365,0.96087646,-0.6422932,0,0,0,0,0,0,0,0,0,0,0,1,1,1,3,0,0,0,-1.077085,1.2872838,-0.3416195
2,2021-10-11 14:49:26,-0.99069726,-0.687551,two lanes blocked due to accident on az-202-loop eastbound at exit 47 az-87 arizona ave.,az-202 loop e,chandler,maricopa,az,us,-2.3187015,-2.4370027,2.0276258,-0.103332,0,0,0,0,0,0,0,0,0,0,0,1,1,1,2,0,0,0,-1.5462592,0.114938535,0.07794649
1,2022-07-30 13:04:50,-1.6629014,1.6374711,a vehicle fire has occurred causing no to minimum delays. use caution.,highway 26,seaside,clatsop,or,us,0.5892366,0.42726436,0.3208269,-0.6422932,0,0,0,0,0,0,0,0,0,0,0,1,1,1,2,1,0,0,1.535528,-0.5195302,0.25845745
3,2019-02-15 18:25:38,-1.5823214,-0.687551,#2 lane blocked due to accident on i-880 southbound before exit 27 ca-92.,i-880 s,hayward,alameda,ca,us,0.060520563,0.7876688,-0.36189264,0.44054118,0,0,0,0,0,0,0,0,0,0,0,0,1,1,3,0,0,0,-1.4243248,-0.5195302,-0.6733694
2,2021-02-02 10:27:47,0.72599775,-0.687551,accident on pleasant home rd at davis rd.,walton way ext,augusta,richmond,ga,us,-0.90879214,-0.48323113,1.600926,-0.6422932,0,0,0,0,0,0,0,0,0,1,0,1,1,1,2,0,0,0,1.1882882,-1.0574068,-0.59653026
1,2022-01-29 00:25:50,0.6932377,-0.564291,incident on 22nd ave n near 12nd st n drive with caution.,22nd ave n,saint petersburg,pinellas,fl,us,-0.4241358,0.7117942,2.2398665,-0.6422932,0,0,0,0,0,0,1,0,0,0,0,0,0,0,2,1,0,0,1.535528,-0.5195302,-0.6440973
2,2018-05-14 10:38:42,0.76376307,-0.687551,accident on fl-482 sand lake rd at fl-423 john young pkwy.,s john young pkwy,orlando,orange,fl,us,1.5585493,0.6738569,0.6195167,2.3006148,0,0,0,0,0,0,0,0,0,1,0,1,1,1,2,0,0,0,0.055601574,1.7728852,-0.11069559
2,2017-08-03 12:11:46,0.6044664,-0.687551,queueing traffic due to accident on oh-48 main st northbound at burns ave.,burns ave,dayton,montgomery,oh,us,0.2808189,0.7687002,0.12881203,1.6576698,0,0,0,0,0,0,0,0,0,0,0,1,1,1,2,0,0,0,-1.077085,-1.0574068,0.35440472
1,2020-05-17 02:00:00,-1.2969259,-0.687551,at n twin oaks valley rd - accident.,deer springs rd,san marcos,san diego,ca,us,0.7214156,-0.29354456,-0.9592722,-0.6422932,0,0,0,0,0,0,0,0,0,0,0,0,0,0,2,1,0,0,0.055601574,1.7728852,0.18934289
1,2021-01-27 04:21:00,-1.5130023,-0.5232043,wb jeo. b70-384 eta on all american,i-80 w,colfax,placer,ca,us,1.5585493,-2.4370027,0.10747705,-0.6422932,0,0,0,1,0,0,0,0,0,0,0,0,0,0,2,1,0,0,-1.5462592,0.114938535,0.16494952
2,2020-08-20 17:24:09,0.08535236,-0.687551,accident on i-35w northbound at us-10.,i-35w s,saint paul,ramsey,mn,us,-0.4241358,-1.5644445,0.3208269,-0.6422932,0,0,0,0,0,0,0,0,0,0,0,1,1,1,2,0,0,0,-1.5462592,0.114938535,-0.49001253
1,2016-07-13 15:20:24,-1.1531806,-0.564291,at i-10 - accident.,s neighbours blvd,blythe,riverside,ca,us,-2.1865225,0.25654647,0.36349687,0.14072216,0,0,0,0,0,0,0,0,0,0,0,1,1,1,2,1,0,0,-1.5462592,0.114938535,0.71136105
1,2022-09-28 18:14:00,0.20121568,-0.41927925,incident on chippewa st near larkspur ave drive with caution.,chippewa st,baton rouge,east baton rouge,la,us,-1.4375082,0.69282556,0.3208269,-0.6422932,0,0,0,0,0,0,0,0,0,1,0,1,1,1,2,1,0,0,1.6574624,0.114938535,0.5308501
1,2021-12-21 16:11:00,-1.3791218,1.9685813,incident on i-5 sb near rye canyon rd right shoulder closed.,golden state fwy s,valencia,los angeles,ca,us,-2.010284,-0.8815729,0.10747705,-0.6422932,0,0,0,0,0,0,0,0,0,0,0,1,1,1,2,1,0,0,1.6574624,0.114938535,0.50645673
1,2022-04-30 10:50:00,-1.3226123,0.27919415,accident on ave magdalena (i-5) from cristianitos rd (san clemente) (south) (i-5) to san diego fwy s - i-5 s.,i-5,san clemente,orange,ca,us,-0.33601645,0.3324211,0.10747705,-0.6422932,0,0,0,0,0,0,0,0,0,0,0,1,1,1,2,1,0,0,-1.4243248,-0.5195302,-0.030197458
1,2021-06-04 15:30:07,0.3852171,0.21877258,stationary traffic on il-83 from cr-26/w gilmer rd (il-83) to il-22 (il-83) due to accident.,royal melbourne dr,long grove,lake,il,us,-2.0543435,-0.86260426,1.600926,-0.6422932,0,0,0,0,0,0,0,0,0,0,0,1,1,1,2,1,0,0,-1.077085,-1.0574068,-0.51521903
2,2018-10-30 17:45:39,1.1809628,-0.687551,2 right lane blocked due to accident on i-95 southbound at exit 13a nj-81.,marshall st,elizabethport,union,nj,us,-1.3934485,0.74973154,-0.1272078,1.1038541,0,0,0,0,0,0,0,0,0,0,0,1,1,1,3,0,0,0,1.1882882,-1.0574068,-0.11191525
2,2020-01-13 10:00:27,1.0102681,-0.687551,right lane blocked due to accident on i-270 southbound after exits 4a 4b montrose rd.,dwight d eisenhower hwy n,rockville,montgomery,md,us,0.41299793,0.25654647,-1.5993218,-0.6422932,0,0,0,1,0,0,0,0,0,0,0,1,1,1,3,0,1,0,0.055601574,0.114938535,0.12713979
1,2020-10-29 09:42:00,1.1104121,0.35411692,crash on us 422 eastbound between 17 miles east of exit: pa 23 east and exit: first ave. there is a shoulder closed.,pottstown expy e,king of prussia,montgomery,pa,us,1.4263703,-0.3125132,0.53417677,-0.6422932,0,0,0,0,0,0,0,0,0,0,0,1,1,1,2,1,0,0,0.055601574,1.7728852,0.18934289
2,2016-11-29 07:49:21,0.51364475,-0.6633824,accident on i-96 eastbound before 3 mile rd.,fruit ridge ave nw,grand rapids,kent,mi,us,0.67735595,-0.3125132,1.600926,0.66296124,0,0,0,0,0,0,0,0,0,0,0,0,1,1,3,0,0,0,-1.5462592,0.114938535,-0.07044652
2,2019-05-03 02:40:24,-1.3387066,0.37586868,exit ramp from i-5 northbound to ca-22 westbound lane blocked due to accident.,ca-22 e,orange,orange,ca,us,0.7214156,0.44623303,-0.5325725,-0.6422932,0,0,0,0,0,0,0,0,0,0,0,0,0,0,3,0,0,0,0.055601574,1.7728852,-0.28876722
2,2020-11-06 04:04:29,0.073070064,1.8984925,accident on us-169 southbound between mn-55 olson memorial hwy and i-394 . all lanes have been re-opened.,us-169 s,minneapolis,hennepin,mn,us,-0.6884938,-1.2230088,0.3208269,-0.6422932,0,0,0,1,0,0,0,0,0,0,0,0,0,0,3,0,0,0,-1.4243248,-0.5195302,0.29870653
2,2017-03-30 17:45:33,0.6566203,-0.6633824,left lane blocked and left hand shoulder blocked due to accident on m-10 northbound after us-24 telegraph rd.,i-696 e,southfield,oakland,mi,us,1.1620123,0.25654647,2.2398665,0.07812325,0,0,0,0,0,0,0,0,0,0,0,1,1,1,2,0,0,0,1.1882882,1.2872838,-0.1875347
1,2017-10-09 14:34:53,1.0451359,0.46045887,at va-105/ft eustis blvd/exit 250 - accident.,i-64 w,newport news,newport news,va,us,0.016460894,0.503139,2.0916307,0.808326,0,0,0,0,0,0,0,0,0,0,0,1,1,1,2,1,0,0,-1.4243248,-0.5195302,-0.4477307
2,2017-01-28 18:28:51,-0.042389914,-0.6633824,two lanes blocked due to accident on us-59 i-69 northbound at dunlavy st.,us-59 s,houston,harris,tx,us,-1.7459259,1.0342613,-0.36189264,1.5799973,0,0,0,0,0,0,0,0,0,0,0,0,1,1,3,0,0,0,0.6686071,-1.4168044,-0.13142996
2,2018-02-16 10:43:15,0.7376775,-0.687551,one lane blocked due to accident on us-41 bus tamiami trl northbound at cypress st.,n tamiami trl,north fort myers,lee,fl,us,-0.29195678,1.0721986,-0.1272078,1.3970686,0,0,0,0,0,0,0,0,0,0,0,1,1,1,2,0,0,0,-0.557404,-1.4168044,-0.21924609
1,2021-08-28 11:40:30,1.011782,-0.5570404,on va-205 in the county of king george in the vicinity of ashland mill rd; rt. 622n/s (king george county) motorists can expect delays due to a vehicle crash. all west lanes are closed. all east lanes are closed.,ridge rd,king george,king george,va,us,-0.027598776,0.7876688,-0.9592722,-0.6422932,0,0,0,0,0,0,0,0,0,0,0,1,1,1,2,1,0,0,1.535528,-0.5195302,0.15275283
1,2021-03-01 13:04:03,-0.12357259,1.6278037,incident on r l thornton fwy s nb near e colorado blvd drive with caution.,i-35e n,dallas,dallas,tx,us,-0.33601645,-0.29354456,1.1742263,-0.6422932,0,0,0,0,0,0,0,0,0,0,0,1,1,1,2,1,0,0,1.535528,0.74940723,0.28813607
1,2022-06-01 13:36:39,0.71127,-0.2718506,stationary traffic on fl-43 - us-301 n from lionheart st to summerfield crossing blvd due to accident.,big bend rd,riverview,hillsborough,fl,us,-0.4241358,0.52210766,0.53417677,-0.6422932,0,0,0,0,0,0,0,0,0,0,0,1,1,1,2,1,0,0,0.6686071,1.6466814,0.05883835
1,2016-09-23 09:53:19,0.40512604,-0.34193963,at roosevelt rd - accident.,i-94 w,chicago,cook,il,us,0.63329625,0.74973154,0.36349687,0.6544992,0,0,0,0,0,0,0,0,0,0,0,1,1,1,2,1,0,0,1.535528,0.74940723,0.026313854
1,2020-11-03 00:32:44,-0.00052594964,0.5716346,incident on i-635 sb near parallel pky right lane blocked. expect delays.,i-635 s,kansas city,wyandotte,ks,us,0.67735595,-0.59704304,-1.5993218,-0.6422932,0,0,0,0,0,0,0,0,0,0,0,0,0,0,2,1,1,0,0.055601574,0.114938535,-0.5001764
1,2023-02-06 14:27:00,-1.3558019,2.0918415,slow traffic on i-710 s - long beach fwy s from ca-60 (i-710) to ca-42/firestone blvd (i-710) due to accident.,i-710 s,los angeles,los angeles,ca,us,-2.1865225,0.503139,-0.9592722,-0.6422932,0,0,0,0,0,0,0,0,0,0,0,1,1,1,2,1,0,1,0.055601574,0.114938535,-0.46927816
1,2022-06-09 12:29:00,-1.4837302,-0.12925568,incident on us-395 near house 451894 drive with caution.,451-895 us highway 395,milford,lassen,ca,us,-1.8340452,-2.4370027,0.53417677,-0.6422932,0,0,0,0,0,0,0,0,0,0,0,1,1,1,2,1,0,0,-1.077085,1.2872838,-0.12777095
2,2018-07-31 13:22:19,1.2060885,-0.687551,right hand shoulder blocked due to accident on us-9 northbound near john ave.,us route 9,hudson,columbia,ny,us,-0.8647325,0.74973154,-0.1272078,2.3006148,0,0,0,0,0,0,0,0,0,0,0,1,1,1,2,0,0,0,-1.077085,-1.0574068,0.7093283
2,2017-11-20 15:57:14,0.9255918,-0.687551,accident on davie st at tarboro rd.,e davie st,raleigh,wake,nc,us,-1.5696872,1.0721986,-0.10882764,1.791537,0,0,0,0,0,0,0,0,0,0,0,1,1,1,2,0,1,0,0.055601574,0.114938535,0.1706413
2,2017-06-03 15:07:33,-1.3621978,-0.6633824,accident on i-110 northbound at exits 19 19b vernon ave.,harbor fwy n,los angeles,los angeles,ca,us,-0.20383745,0.3703584,-0.36189264,0.11989498,0,0,0,0,0,0,0,0,0,0,0,1,1,1,3,0,0,1,0.055601574,0.114938535,0.5198731
1,2022-12-29 17:23:00,-1.4997442,0.8254052,incident on ca-108 near house 18275 drive with caution.,state highway 120,oakdale,stanislaus,ca,us,0.9417139,0.35138974,-0.10587281,-0.6422932,0,0,0,0,0,0,0,1,0,0,0,0,1,1,2,1,0,0,-1.077085,1.2872838,0.75039047
1,2022-07-20 05:43:00,-1.5942266,-0.3757757,incident on ca-1 sb near new years creek rd drive with caution.,cabrillo hwy,pescadero,san mateo,ca,us,-0.19767511,0.005549388,-0.27376288,0.21529505,0,0,0,0,0,0,0,0,0,0,0,0,1,1,2,1,0,0,-0.114170074,-0.40919745,-0.0033535217
2,2016-09-02 10:01:07,0.70541626,-0.687551,accident on i-75 southbound at exit 200 fl-681.,i-75 s,sarasota,sarasota,fl,us,0.7214156,0.503139,2.2398665,2.3006148,0,0,0,0,0,0,0,0,0,0,0,1,1,1,3,0,0,0,-1.077085,-1.0574068,0.21658216
1,2022-11-04 15:14:00,0.49397153,2.0918415,slow traffic on i-465 w - i-74 w - uss indianapolis memorial hwy from emerson ave/exit 52 (i-74/i-465) to mann rd/exit 7 (i-74/i-465) due to accident.,i-465 w,indianapolis,marion,in,us,-0.8206728,-0.9953848,2.0276258,-0.6422932,0,0,0,0,0,0,0,0,0,0,0,1,1,1,2,1,0,0,-1.5462592,0.114938535,0.50645673
2,2016-11-13 12:12:18,-1.5884253,-0.6633824,right lane blocked due to accident on i-5 northbound after wa-530 pioneer hwy.,i-5 n,arlington,snohomish,wa,us,-0.11571811,0.80663747,1.1102214,1.3786539,0,0,0,0,0,0,0,0,0,0,0,1,1,1,3,0,0,0,-0.557404,1.6466814,-0.04727282
2,2019-05-27 15:29:24,0.7308284,-0.687551,accident on sc-9 at clark rd.,highway 9,inman,spartanburg,sc,us,-1.4815679,-1.0333221,-0.9592722,-0.6422932,0,0,0,0,0,0,0,0,0,1,0,1,1,1,2,0,0,0,0.055601574,-1.5430081,-0.1180136
1,2022-03-03 07:55:00,-1.3294526,2.0918415,slow traffic on pomona fwy w - ca-60 w from ramona ave (ca-60) to ca-57 (ca-60) due to accident.,ca-60 w,chino,san bernardino,ca,us,-0.027598776,-0.86260426,-1.5993218,-0.6422932,0,0,0,0,0,0,0,0,0,0,0,1,1,1,2,1,1,0,0.055601574,0.114938535,0.06737603
1,2020-10-12 01:28:09,0.5189185,-0.53528863,incident on buchanan ave near brown st drive with caution.,buchanan ave sw,grand rapids,kent,mi,us,1.073893,-1.3368206,-0.10587281,-0.6422932,0,0,0,0,0,0,0,0,0,0,0,0,0,0,2,1,0,0,0.055601574,1.7728852,-0.58758605
1,2021-01-29 14:05:30,0.82499987,-0.20176157,slow traffic on fl-985 - fl-94 from sw 84th st to kendale blvd due to accident.,sw 107th ave,miami,miami-dade,fl,us,-0.64443415,0.9394181,1.1742263,-0.6422932,0,0,0,0,0,0,0,0,0,0,0,1,1,1,2,1,0,0,0.6686071,1.6466814,0.15275283
2,2018-08-06 09:14:30,0.5545001,-0.687551,accident on water st at beauregard st.,beauregard st,rockmart,polk,ga,us,0.23675925,1.0721986,-0.15244085,2.04273,0,0,0,0,0,0,0,0,0,0,0,1,1,1,2,0,1,0,0.055601574,0.114938535,0.0063926005
2,2016-06-23 09:24:01,0.60419476,-0.687551,accident on oh-48 main st at riverview ave.,w riverview ave,dayton,montgomery,oh,us,0.9857736,0.35138974,-0.1272078,1.6576698,0,0,0,0,0,0,0,0,0,0,0,1,1,1,2,0,0,0,-1.5462592,0.114938535,0.7020103
1,2016-04-21 14:01:54,1.1993382,-0.35160708,at pennsylvania ave/exit 14 - accident.,belt pkwy e,brooklyn,kings,ny,us,-0.64443415,0.8445748,1.3449062,2.3006148,0,0,0,0,0,0,0,0,0,0,0,1,1,1,2,1,0,0,-1.5462592,0.114938535,0.28447703
1,2016-08-02 11:35:47,-1.1828794,-0.687551,at rancho dr - accident.,s rancho dr,las vegas,clark,nv,us,-1.4375082,0.56004494,1.1102214,0.14251225,0,0,0,0,0,0,0,0,0,1,0,1,1,1,2,1,0,0,-1.077085,1.2872838,-0.40138328
2,2021-11-22 11:19:02,1.3631108,-0.687551,accident on i-195 westbound at reed rd.,i-195 e,north dartmouth,bristol,ma,us,0.9417139,0.06685991,-0.10587281,-0.6422932,0,0,0,0,0,0,0,0,0,0,0,1,1,1,2,0,0,0,-0.557404,-1.4168044,0.6536301
2,2021-08-16 07:40:18,0.7805873,-0.687551,accident on fish hatchery rd at wild bird ln.,wild bird ln,gaston,lexington,sc,us,1.5585493,0.29448378,-0.31922266,-0.6422932,0,0,0,0,0,0,0,0,0,0,0,1,1,1,2,0,0,0,0.055601574,1.7728852,-0.1448463
1,2021-01-02 00:35:23,0.26562303,-0.6198788,incident on saint bernard ave near house 1200 expect delays.,saint bernard ave,new orleans,orleans,la,us,0.41299793,0.7876688,-0.31922266,-0.6422932,0,0,0,0,0,0,0,0,0,0,0,0,0,0,2,1,0,0,1.6574624,0.114938535,-0.45992738
2,2018-03-02 11:13:14,0.7862529,-0.687551,accident on sc-277 bull st near confederate ave.,bull st,columbia,richland,sc,us,-1.3493888,0.8445748,0.36349687,1.3671178,0,0,0,0,0,0,0,0,0,0,0,1,1,1,2,0,0,0,1.535528,-0.5195302,0.5121485
2,2020-01-24 07:57:46,0.37749806,-0.687551,right hand shoulder blocked due to accident on i-65 southbound at exit 5a spring hill ave.,i-65 s,mobile,mobile,al,us,1.5585493,0.2755151,0.10747705,-0.6422932,0,0,0,0,0,0,0,0,0,0,0,1,1,1,2,0,0,0,1.1882882,-1.0574068,0.061684243
1,2023-01-18 11:51:00,-0.49935213,2.0918415,slow traffic on us-24 e - i-70 e from cr-36/exit 376 (i-70) to cr-43/exit 383 (i-70) due to accident.,i-70 e,arriba,lincoln,co,us,0.7214156,-2.4370027,2.0276258,-0.6422932,0,0,0,0,0,0,0,0,0,0,0,1,1,1,2,1,0,0,1.535528,-0.5195302,-0.0789842
2,2019-01-30 08:43:35,-1.351892,-0.687551,accident on i-605 northbound at ca-91.,i-605 n,cerritos,los angeles,ca,us,0.5892366,0.52210766,-0.8525973,0.017785976,0,0,0,0,0,0,0,0,0,0,0,1,1,1,3,0,0,0,0.055601574,1.7728852,-0.21111497
2,2016-10-14 19:10:42,-1.2922795,-0.6633824,#1 / #2 lane blocked due to accident on ca-94 eastbound at exit 5 federal blvd.,ca-94 e,san diego,san diego,ca,us,0.36893824,0.57901365,0.12881203,0.8511517,0,0,0,0,0,0,0,0,0,0,0,0,0,1,2,0,0,0,1.1882882,-1.0574068,0.49913874
1,2017-12-04 01:34:08,0.75909144,-0.26218313,at wv-47/staunton ave/exit 174 - accident.,i-77 n,parkersburg,wood,wv,us,1.0298333,1.167042,-0.8525973,1.931063,0,0,0,1,0,0,0,0,0,0,0,0,0,0,2,1,0,0,-0.557404,1.6466814,-0.44163233
2,2019-02-11 11:02:38,0.08323013,-0.687551,accident on battlefield rd at us-65 schoolcraft fwy.,us-65 s,springfield,greene,mo,us,1.073893,0.3703584,0.85420156,2.3006148,0,0,0,0,0,0,0,0,0,0,0,1,1,1,2,0,0,0,-1.4243248,0.74940723,0.27797213
1,2019-10-23 17:13:00,-1.579545,-0.687551,at clayton rd - accident.,ca-242 n,concord,contra costa,ca,us,-2.142463,0.3324211,0.033541806,-0.6422932,0,0,0,0,0,0,0,0,0,0,0,1,1,1,2,1,0,0,-0.36877754,-0.3534955,0.50645673
2,2017-09-12 06:35:42,0.27552003,-0.687551,right lane blocked due to accident on tn-175 shelby dr eastbound at tuggle rd.,e shelby dr,memphis,shelby,tn,us,1.3823106,0.10479722,1.1102214,2.3006148,0,0,0,0,0,0,0,0,0,1,0,0,1,1,3,0,0,0,1.6574624,0.114938535,-0.42780942
1,2022-06-07 18:46:00,0.691831,-0.61504513,incident on n 50th st near e dr expect delays.,50th ave n,st petersburg,pinellas,fl,us,-0.24789712,0.44623303,0.96087646,-0.6422932,0,0,0,0,0,0,0,0,0,0,0,1,1,1,2,1,0,0,1.1882882,-1.0574068,-0.15216433
1,2022-12-21 14:49:00,-0.9845474,2.0918415,incident on i-84 wb near mp 99 drive with caution.,i-84 w,morgan,morgan,ut,us,0.8976543,-2.4370027,0.10747705,-0.6422932,0,0,0,0,0,0,0,0,0,0,0,1,1,1,2,1,0,0,1.535528,0.74940723,-0.12777095
2,2019-03-14 16:55:51,0.7910203,-0.687551,accident on sc-555 farrow rd at rabon rd.,rabon rd,columbia,richland,sc,us,-0.7766132,0.80663747,0.85420156,1.3671178,0,0,0,0,0,0,0,0,0,1,0,1,1,1,2,0,0,0,-1.4243248,-0.5195302,0.088110395
1,2020-02-03 01:00:00,0.07597978,-0.687551,at mn-100 - accident.,mn-62 e,minneapolis,hennepin,mn,us,0.63329625,-1.5265073,0.10747705,-0.6422932,0,0,0,1,0,0,0,0,0,0,0,0,0,0,2,1,0,0,1.535528,-0.5195302,0.18934289
2,2019-02-22 22:25:00,0.80432886,-0.687551,accident on us-74 independence blvd at sardis rd.,e independence blvd,charlotte,mecklenburg,nc,us,1.2501316,1.3756971,0.6195167,0.7176156,0,0,0,0,0,0,0,0,0,1,0,0,0,0,2,0,0,0,1.1882882,1.2872838,-0.66442513
2,2017-06-11 05:55:56,-1.5912478,-0.687551,right lane blocked due to accident on wa-167 southbound near 24th st.,24th st e,sumner,pierce,wa,us,1.5585493,0.6738569,-0.10987247,1.0044044,0,0,0,0,0,0,0,0,0,0,0,1,1,0,2,0,1,0,0.055601574,0.114938535,0.041356433
2,2021-04-27 10:30:55,1.2060921,2.0918415,two lanes blocked due to accident on i-495 westbound between exit 31 cross island pkwy and exit 29 springfield blvd.,long island expy e,oakland gardens,queens,ny,us,-1.7459259,0.7687002,-0.10587281,-0.6422932,0,0,0,0,0,0,0,0,0,0,0,1,1,1,3,0,0,0,-1.4243248,0.74940723,-0.47131094
1,2020-10-21 14:13:12,0.078174695,1.569799,incident on i-394 wb near wirth pky drive with caution.,us-12 w,minneapolis,hennepin,mn,us,-0.027598776,-0.84363556,-0.31922266,-0.6422932,0,0,0,0,0,0,0,0,0,0,0,1,1,1,2,1,0,0,0.6686071,-1.4168044,0.51133543
1,2022-01-19 04:19:00,-1.4036837,-0.076084696,incident on road 256 near avenue 80 expect delays.,avenue 78,terra bella,tulare,ca,us,1.3823106,0.12376587,-0.2777159,-0.6422932,0,0,0,0,0,0,0,0,0,0,0,0,0,0,2,1,0,0,-0.22071521,-0.35774532,0.5796369
1,2018-02-25 19:05:04,-0.04551007,0.458042,at fm-1093/westheimer rd/exit 8 - accident.,i-610 s,houston,harris,tx,us,1.2941914,0.57901365,0.30358094,1.5799973,0,0,0,1,0,0,0,0,0,0,0,0,1,1,3,1,1,0,0.055601574,0.114938535,-0.22371821
1,2021-02-01 15:54:26,1.170405,-0.44344786,crash on new jersey turnpike inner roadway northbound south of interchange 10 - nj 440/i-287 (edison twp) 1 left lane of 3 lanes blocked,new jersey tpke n,edison,middlesex,nj,us,1.073893,-0.009014718,1.600926,1.5645329,0,0,0,0,0,0,0,0,0,0,0,1,1,1,2,1,0,0,1.1882882,1.2872838,0.0047663758
1,2020-11-09 08:24:00,-0.9384438,-0.5763753,incident on e fort lowell rd near n tucson blvd drive with caution.,n tucson blvd,tucson,pima,az,us,0.2808189,-2.4370027,-0.9592722,-0.6422932,0,0,0,0,0,0,0,0,0,1,0,1,1,1,2,1,0,0,-1.5462592,0.114938535,-3.6892033
2,2020-12-02 17:50:07,0.9214569,-0.687551,accident on western blvd at method rd.,western blvd,raleigh,wake,nc,us,-0.8647325,0.29448378,-1.5993218,-0.6422932,0,0,0,0,0,0,0,0,0,1,0,0,1,1,2,0,1,0,0.055601574,0.114938535,-0.002958192
2,2020-01-07 20:06:39,-1.5523452,-0.687551,accident on church ave at center ave.,church ave,gilroy,santa clara,ca,us,-0.15389994,0.09308465,-0.0014397545,0.25817445,0,0,0,0,0,0,0,0,0,0,0,0,0,0,2,0,0,0,-0.06437522,-0.2137247,-0.0033535217
1,2022-02-05 02:36:00,-1.4642951,-0.22351333,incident on ca-88 near caples lake dam drive with caution.,state route 88,markleeville,alpine,ca,us,0.41299793,-2.4370027,-0.5325725,-0.6422932,0,0,0,0,0,0,0,1,0,0,0,0,0,0,2,1,0,0,-1.5462592,0.114938535,-0.39609805
2,2017-09-01 08:25:31,0.7955605,-0.687551,accident on berryhill rd at nc-27 freedom dr.,berryhill rd,charlotte,mecklenburg,nc,us,1.3823106,0.6169509,0.36349687,0.7176156,0,0,0,0,0,0,0,0,0,1,0,1,1,1,2,0,0,0,-1.4243248,0.74940723,-0.62742853
1,2020-11-23 13:57:57,1.1267213,1.3716162,crash on i-295 northbound north of exit 24 - nj 45 (westville) 1 right lane of 4 lanes closed vehicle in the woods use caution,i-295 n,westville,gloucester,nj,us,-0.95285183,0.6738569,2.2398665,-0.6422932,0,0,0,0,0,0,0,0,0,0,0,1,1,1,2,1,0,0,1.1882882,-1.0574068,0.11494311
1,2022-07-06 17:45:32,1.0008956,2.0918415,slow traffic on i-95 n from va-234/exit 152 (i-95) to va-123/exit 160 (i-95) due to accident.,i-95 n,dumfries,prince william,va,us,-0.15977779,0.40829572,-0.9592722,-0.6422932,0,0,0,1,0,0,0,0,0,0,0,1,1,1,2,1,0,0,-1.077085,1.2872838,2.6904767
2,2019-06-24 18:32:41,-0.93992966,-0.687551,accident on fort lowell rd at 1st ave.,n 1st ave,tucson,pima,az,us,-2.5830595,-2.4370027,0.10747705,-0.6422932,0,0,0,0,0,0,0,0,0,1,0,1,1,1,2,0,0,0,1.1882882,1.2872838,-0.59896964
2,2021-03-05 07:27:24,0.124121144,2.0918415,accident on us-52 southbound between exit 64 cr-112 100th st and exit 61 us-63 75th st.,us-52 s,oronoco,olmsted,mn,us,-0.11571811,-0.9953848,-0.9592722,-0.6422932,0,0,0,0,0,0,0,0,0,0,0,1,1,1,2,0,0,0,-1.077085,1.2872838,-0.16680034
1,2020-11-05 18:00:01,-0.67729515,-0.6367969,incident on gateway nb near mccombs drive with caution.,n south fwy,el paso,el paso,tx,us,-2.3187015,-2.4370027,0.10747705,-0.6422932,0,0,0,0,0,0,0,0,0,1,0,0,1,1,2,1,0,0,0.055601574,1.7728852,0.2385362
1,2021-05-19 17:31:00,-1.3428022,-0.65129805,incident on huntington dr near encanto pky drive with caution.,encanto pkwy,duarte,los angeles,ca,us,0.016460894,0.14273453,0.53417677,-0.6422932,0,0,0,0,0,0,0,0,0,0,0,1,1,1,2,1,0,0,-1.5462592,0.114938535,-0.5180649
1,2016-06-13 18:16:59,1.1967404,-0.41927925,between i-95/cross bronx expy/exit 7 and 179th st/exit 8 - accident.,major deegan expy n,bronx,bronx,ny,us,-0.8206728,0.21860915,1.8356109,0.6920172,0,0,0,0,0,0,0,0,0,0,0,1,1,1,3,1,0,0,1.1882882,-1.0574068,0.65241045
1,2020-02-18 16:03:00,-0.010557141,-0.687551,at cr-1 - vehicle spun around.,state highway 60,butterfield,watonwan,mn,us,0.8976543,-0.78672963,2.2398665,-0.6422932,0,0,0,0,0,0,0,0,0,0,0,1,1,1,2,1,0,0,1.1882882,-1.0574068,0.21373627
2,2020-01-23 04:05:50,0.08512612,-0.687551,right lane blocked due to jackknifed trailer on i-10 westbound at exit 31b us-90.,i-10 w,lake charles,calcasieu,la,us,1.4263703,0.40829572,2.2398665,2.3006148,0,0,0,0,0,0,0,0,0,0,0,0,0,0,3,0,0,0,-0.557404,1.6466814,-0.20501663
2,2017-10-30 15:45:12,1.1178975,-0.687551,traffic problem due to accident on pa-33 northbound at us-22.,us-22 e,easton,northampton,pa,us,-0.9969115,0.06685991,2.2398665,1.5968927,0,0,0,1,0,0,0,0,0,0,0,1,1,1,2,0,0,0,0.055601574,-1.5430081,-0.122892275
2,2020-12-03 08:40:13,0.9892935,-0.687551,accident on va-7 harry byrd hwy at river creek pkwy.,harry byrd hwy,leesburg,loudoun,va,us,0.4570576,0.56004494,-1.5993218,-0.6422932,0,0,0,0,0,0,0,0,0,0,0,1,1,1,2,0,1,0,0.055601574,0.114938535,-0.26884598
1,2021-08-22 13:51:30,-0.99516267,1.5069605,stationary traffic on i-80 w from i-15/exit 120 (i-80) to ut-68/exit 118 (i-80) due to accident.,i-80,salt lake city,salt lake,ut,us,-0.8647325,-2.4370027,-0.31922266,-0.6422932,0,0,0,0,0,0,0,0,0,0,0,1,1,1,2,1,0,0,1.1882882,-1.0574068,-0.042394143
2,2016-11-19 14:23:08,1.2112062,-0.6633824,right hand shoulder blocked due to accident on ny-22 northbound near nash rd.,route 22,goldens bridge,westchester,ny,us,-0.51225513,0.21860915,-0.36189264,2.3006148,0,0,0,0,0,0,0,0,0,0,0,1,1,1,2,0,0,0,-1.4243248,0.74940723,-0.70995945
1,2021-08-21 10:18:30,0.83143294,-0.5328718,incident on n perviz ave near house 215 drive with caution.,dunad ave,opa locka,miami-dade,fl,us,-0.24789712,0.5979823,0.10747705,-0.6422932,0,0,0,0,0,0,0,0,0,0,0,1,1,1,2,1,0,0,-1.5462592,0.114938535,0.6406203
1,2022-07-01 17:33:00,0.7885589,2.0918415,stationary traffic on i-90 w from oh-534/exit 218 (i-90) to oh-44/exit 200 (i-90) due to accident.,i-90 w,geneva,ashtabula,oh,us,-0.60037446,-1.374758,-0.10587281,-0.6422932,0,0,0,0,0,0,0,0,0,0,0,1,1,1,2,1,0,0,-0.557404,-1.4168044,-0.46927816
2,2021-03-09 08:10:02,1.0169973,-0.687551,accident on independence ave at maine ave.,independence ave sw,washington,district of columbia,dc,us,-0.8647325,1.4326031,-0.10587281,-0.6422932,0,0,0,0,0,0,0,1,0,1,0,1,1,1,2,0,0,0,-1.4243248,-0.5195302,0.4584831
1,2017-10-30 07:41:01,-0.045608714,0.15351728,ramp to i-610 southbound - accident.,katy fwy,houston,harris,tx,us,-0.4241358,0.57901365,-0.8525973,1.5799973,0,0,0,0,0,0,0,0,0,0,0,1,1,1,3,1,0,1,0.055601574,0.114938535,-0.32251137
1,2022-03-03 14:14:00,-1.5384289,-0.23559766,accident on watt ave (us-50) from bradshaw rd (us-50) to us-50 e - el dorado fwy e.,el dorado fwy e,sacramento,sacramento,ca,us,-1.0850308,0.12376587,-0.5325725,-0.6422932,0,0,0,0,0,0,0,0,0,0,0,1,1,1,2,1,0,1,0.055601574,0.114938535,-0.0058040856
1,2020-11-02 19:15:00,-1.3571115,-0.6488812,incident on e rosecrans ave near s lime ave drive with caution.,s lime ave,compton,los angeles,ca,us,0.67735595,0.56004494,-0.5325725,-0.6422932,0,0,0,0,0,0,0,0,0,0,0,0,0,0,2,1,0,0,1.1882882,-1.0574068,0.5552435
1,2022-04-17 13:56:00,1.0253421,2.0918415,slow traffic on i-95 s - i-495 s from md-337/allentown rd/exit 9 (capital beltway/i-495) to md-5/branch ave/exit 7 (capital beltway/i-495) due to accident.,capital beltway,suitland,prince george's,md,us,-1.3493888,0.40829572,1.8142759,-0.6422932,0,0,0,0,0,0,0,0,0,0,0,1,1,1,2,1,0,0,1.535528,-0.5195302,0.018589286
1,2016-12-23 14:28:18,1.2000333,2.0918415,between i-87/i-287 eastern split and us-9w/exit 10 - accident.,i-287 w,tarrytown,westchester,ny,us,-1.1290905,1.3756971,-0.6179125,2.3006148,0,0,0,0,0,0,0,0,0,0,0,1,1,1,2,1,0,0,0.055601574,-1.5430081,-0.6571072
1,2021-12-29 13:47:10,0.7970764,-0.33227217,slow traffic from marion dehil center dr / treatment plant rd to closeburn rd / sterling rd due to accident.,tyvola rd,charlotte,mecklenburg,nc,us,0.9857736,-1.0902281,0.96087646,-0.6422932,0,0,0,0,0,0,0,0,0,0,0,1,1,1,2,1,0,0,-1.4243248,-0.5195302,0.120228335
2,2019-01-14 07:55:35,0.5910459,2.0918415,right hand shoulder blocked due to accident on i-275 eastbound between exits 74a 74b i-471 and exit 72 kellogg ave.,kellogg ave,cincinnati,hamilton,oh,us,1.073893,1.3377599,-0.8525973,1.7881194,0,0,0,0,0,0,0,0,0,0,0,0,1,1,2,0,0,1,0.055601574,0.114938535,0.081605494
1,2020-03-26 21:50:39,-1.5922372,-0.687551,at ca-37 - accident.,marine world pkwy e,vallejo,solano,ca,us,0.7654753,0.6738569,-0.31922266,-0.6422932,0,0,0,1,0,0,0,0,0,0,0,0,0,0,1,1,0,0,-0.557404,-1.4168044,-0.06312851
2,2018-11-05 10:30:54,1.1143978,-0.687551,accident on us-202 markley st at main st.,markley st,norristown,montgomery,pa,us,1.5585493,1.1291046,0.36349687,0.115070485,0,0,0,0,1,0,0,0,0,1,0,1,1,1,2,0,0,0,0.055601574,1.7728852,-0.081423536
1,2022-09-29 09:58:30,-1.3571543,2.0918415,slow traffic on artesia fwy w - ca-91 w from atlantic ave (ca-91) to alameda st (ca-91) due to accident.,artesia fwy w,long beach,los angeles,ca,us,0.2808189,0.503139,-1.5993218,-0.6422932,0,0,0,0,0,0,0,0,0,0,0,1,1,1,2,1,1,0,0.055601574,0.114938535,-0.018000772
2,2019-07-24 07:12:26,0.9433332,-0.687551,accident on us-64-br gannon ave at nc-96 arendell ave.,n arendell ave,zebulon,wake,nc,us,1.5585493,-0.1417953,-0.9592722,-0.6422932,0,0,0,0,0,0,0,0,0,0,0,1,1,1,2,0,0,0,1.1882882,-1.0574068,-0.16598722
1,2019-04-30 10:54:00,-0.8849,2.0918415,at old us-6/ten mile rd/exit 175 - accident.,i-70 e,thompson,grand,ut,us,0.9417139,-2.4370027,0.24366233,-0.6422932,0,0,0,0,0,0,0,0,0,0,0,1,1,1,2,1,0,0,-0.066478096,-0.07514778,0.04298266
1,2020-12-19 05:00:00,0.8323361,2.0918415,crash on us 19 both directions between franklin rd and cornell rd. all lanes closed.,e cornell rd,mercer,mercer,pa,us,1.073893,-0.9764162,-0.5325725,-0.6422932,0,0,0,0,0,0,0,1,0,0,0,0,0,0,2,1,0,0,-1.5462592,0.114938535,0.11616278
2,2018-03-26 19:25:11,1.1238774,-0.687551,accident on heckman st at st john aly.,st john aly,phillipsburg,warren,nj,us,-1.4815679,1.8688822,-0.8525973,0.7503381,0,0,0,0,0,0,0,0,0,0,0,0,1,1,2,0,0,0,-1.4243248,0.74940723,-0.6111663
1,2023-01-30 14:52:00,-1.4873875,-0.5715416,incident on n parsons ave near house 3200 drive with caution.,evette ct,merced,merced,ca,us,-1.4375082,0.42726436,1.1742263,-0.6422932,0,0,0,0,0,0,0,0,0,0,0,1,1,1,2,1,0,0,1.6574624,0.114938535,-0.0058040856
2,2022-05-24 18:40:10,0.6270847,-0.687551,lane blocked due to crash on ga-369 jesse jewell pkwy northbound at us-129 limestone pkwy.,jesse jewell pkwy ne,gainesville,hall,ga,us,-0.11571811,-1.7920684,-0.9592722,-0.6422932,0,0,0,0,0,0,0,0,0,1,0,1,1,1,2,0,0,0,-0.557404,1.6466814,-0.294459
1,2023-01-19 19:25:30,0.04078295,2.0918415,slow traffic on i-94 e - us-52 e from cr-8/exit 183 (i-94) to mn-25/exit 193 (i-94) due to accident.,i-94 e,monticello,wright,mn,us,0.7214156,-1.6213505,0.3208269,-0.6422932,0,0,0,0,0,0,0,0,0,0,0,0,0,0,2,1,0,0,1.1882882,-1.0574068,-0.21314774
2,2020-06-28 20:29:15,1.1954914,-0.687551,right lane blocked due to accident on fdr dr northbound at exit 14 96th st.,e 96th st,new york,new york,ny,us,1.2501316,-0.06592069,-0.9592722,-0.6422932,0,0,0,0,0,0,0,0,0,0,0,1,1,1,2,0,0,0,-1.077085,-1.0574068,-0.5119666
1,2022-07-23 12:30:30,0.9889016,0.38553613,stationary traffic on us-1 n - us-1 s from cedon rd (jefferson davis hwy/us-1) to arcadia dr (jefferson davis hwy/us-1) due to accident.,us route 1,woodford,caroline,va,us,-1.1290905,0.5979823,-0.10587281,-0.6422932,0,0,0,0,0,0,0,0,0,0,0,1,1,1,2,1,0,0,0.055601574,-1.5430081,-0.09118089
2,2019-08-19 09:40:23,1.2207025,-0.687551,accident on southern pkwy westbound at exits 28n 28s tally ln.,southern state pkwy w,wantagh,nassau,ny,us,0.8535946,0.3324211,-0.31922266,-0.6422932,0,0,0,1,0,0,0,0,0,0,0,1,1,1,2,0,0,0,-0.557404,-1.4168044,-0.28917375
1,2022-04-29 18:11:00,0.5853795,2.0918415,incident on i-20 eb near i-285 expect long delays.,i-20,atlanta,fulton,ga,us,-1.5696872,-0.9953848,0.10747705,-0.6422932,0,0,0,0,0,0,0,0,0,0,0,1,1,1,2,1,0,0,-1.4243248,0.74940723,0.45767
1,2021-02-06 19:54:32,0.8649746,-0.59329337,incident on national cemetery rd near hyler ln drive with caution.,e national cemetery rd,florence,florence,sc,us,0.2808189,0.52210766,0.96087646,2.3006148,0,0,0,0,0,0,0,0,0,0,0,0,0,0,2,1,0,0,1.535528,0.74940723,0.055992458
2,2021-04-13 06:59:28,-0.59504014,-0.687551,accident on 13th ave at logan st.,n logan st,denver,denver,co,us,-0.60037446,-2.4370027,0.96087646,-0.6422932,0,0,0,0,0,0,0,0,0,1,0,1,1,1,2,0,0,0,0.6686071,1.6466814,0.054366235
2,2020-01-17 19:58:32,-0.16617252,-0.687551,accident on memorial rd eastbound at john kilpatrick tpke.,w memorial rd,oklahoma city,oklahoma,ok,us,1.2501316,-2.1145356,2.2398665,-0.6422932,0,0,0,0,0,0,0,0,0,0,0,0,0,0,2,0,0,0,-1.5462592,0.114938535,0.15356594
1,2022-07-13 15:54:00,-1.6459217,-0.28393492,accident on eastside calpella rd from w moore st to cortina pl.,eastside calpella rd,ukiah,mendocino,ca,us,-1.4375082,-0.8246669,0.96087646,-0.6422932,0,0,0,0,0,0,0,1,0,0,0,1,1,1,2,1,0,0,1.535528,-0.5195302,-0.030197458
2,2017-12-04 07:08:49,0.054653943,-0.687551,accident on la-1 youree dr at gator dr.,youree dr,shreveport,caddo,la,us,1.5585493,0.6359196,0.36349687,1.8746849,0,0,0,0,0,0,0,0,0,0,0,1,1,1,2,0,0,0,-1.4243248,0.74940723,0.08729728
1,2020-10-22 12:29:49,1.2132559,-0.37094197,crash on ny 23 westbound east of taconic state parkway (claverack) right shoulder of 2 lanes blocked,state route 23,craryville,columbia,ny,us,-0.24789712,-1.3368206,-1.5993218,-0.6422932,0,0,0,0,0,0,0,1,0,0,0,1,1,1,2,1,1,0,0.055601574,0.114938535,-0.57132375
2,2016-10-16 09:21:33,-0.087112136,-0.687551,accident on 168th st both ways at giles rd.,s 168th st,omaha,sarpy,ne,us,1.4263703,0.25654647,0.12881203,2.3006148,0,0,0,0,0,0,0,0,0,1,0,1,1,1,2,0,0,0,-0.557404,1.6466814,0.17836589
2,2020-06-07 10:24:04,1.0326558,-0.687551,two lanes blocked due to accident on i-95 southbound at exits 43a 43b md-100 exits 5a 5a-b 5b.,md-100 w,elkridge,howard,md,us,-0.9969115,0.2755151,0.96087646,-0.6422932,0,0,0,1,0,0,0,0,0,0,0,1,1,1,2,0,0,0,1.535528,-0.5195302,-0.71158564
2,2017-02-02 18:39:13,-1.5998753,-0.6633824,right hand shoulder blocked due to accident on i-80 eastbound at exits 2 2a harrison st.,james lick fwy n,san francisco,san francisco,ca,us,1.1179526,0.56004494,0.36349687,0.6353896,0,0,0,0,0,0,0,0,0,0,0,0,0,1,3,0,0,0,-1.077085,1.2872838,-0.3176327
1,2022-04-14 14:20:30,-1.3419586,2.0918415,stationary traffic from azusa ave (colima rd) to nogales st (colima rd) due to accident.,colima rd,rowland heights,los angeles,ca,us,-1.5256275,0.38932705,-0.10587281,-0.6422932,0,0,0,0,0,0,0,0,0,0,0,1,1,1,2,1,0,1,0.055601574,0.114938535,0.68940705
2,2017-12-11 16:21:07,0.20307942,-0.687551,accident on beech st at lemonwood dr.,lemonwood dr,baton rouge,east baton rouge,la,us,-1.6137469,0.8825121,0.6195167,2.3006148,0,0,0,0,0,0,0,0,0,0,0,1,1,1,2,0,0,0,-1.077085,-1.0574068,0.7044496
1,2020-04-13 13:41:32,1.0894722,2.0918415,closed between crystal cave rd and e main st/old route 222/s kemp rd - road closed due to accident.,kutztown bypass rd,kutztown,berks,pa,us,0.9857736,-1.2230088,2.2398665,2.3006148,0,0,0,1,0,0,0,0,0,0,0,1,1,1,4,1,0,0,-1.5462592,0.114938535,-0.28551474
1,2021-11-07 14:27:57,0.7942279,-0.5957102,incident on helton dr near lake carolina way drive with caution.,helton dr,columbia,richland,sc,us,-1.7459259,0.38932705,0.10747705,-0.6422932,0,0,0,0,0,0,0,0,0,0,0,1,1,1,2,1,0,0,1.535528,-0.5195302,-0.5924647
1,2022-11-10 14:52:30,1.0151613,2.0918415,slow traffic on henry shirley memorial hwy s - i-395 s from eads st (i-395) to va-120/glebe rd/exit 7 (i-395) due to accident.,henry shirley memorial hwy s,arlington,arlington,va,us,-0.33601645,1.1291046,-0.5325725,-0.6422932,0,0,0,0,0,0,0,0,0,0,0,1,1,1,2,1,0,0,-1.4243248,-0.5195302,0.030785972
1,2020-12-10 03:46:00,0.70645577,-0.20176157,incident on silkwood way near creekside park dr drive with caution.,hopsack dr,parrish,manatee,fl,us,1.073893,0.86354345,-0.10587281,-0.6422932,0,0,0,0,0,0,0,0,0,0,0,0,0,0,2,1,0,0,-1.077085,1.2872838,-4.542971
1,2020-11-09 14:30:01,0.7773849,1.1226794,incident on benfield rd near sc-324 drive with caution.,mcfarland rd,york,york,sc,us,0.5892366,-0.23663859,-1.5993218,-0.6422932,0,0,0,0,0,0,0,0,0,0,0,1,1,1,2,1,1,0,0.055601574,0.114938535,-0.5664451
1,2021-10-24 20:13:30,-1.534662,0.32028082,slow traffic on westside fwy s - i-5 s from i-580 (i-5) to ingram creek rd (i-5) due to accident.,i-5 s,patterson,stanislaus,ca,us,0.7214156,-0.3125132,1.3875762,2.3006148,0,0,0,1,0,0,0,0,0,0,0,0,0,0,2,1,0,0,-1.4243248,0.74940723,0.5186534
2,2021-12-20 18:33:35,0.99626887,-0.687551,lane blocked due to accident on pa-35 main st both ways at bridge st.,william penn hwy,mifflintown,juniata,pa,us,0.19269957,-1.6592878,-0.10587281,-0.6422932,0,0,0,0,0,0,0,0,0,1,0,0,0,0,2,0,0,0,-1.4243248,-0.5195302,-0.45504868
1,2017-02-24 08:06:55,-1.5693282,0.5450491,at curtner ave/exit 3 - accident.,guadalupe fwy n,san jose,santa clara,ca,us,0.80953497,1.1480733,-0.36189264,0.31284574,0,0,0,1,0,0,0,0,0,0,0,1,1,1,3,1,0,0,-1.077085,1.2872838,0.35806373
1,2021-08-22 15:14:00,-1.5763429,1.4876256,slow traffic on ca-17 from idylwild rd (ca-17) to santa cruz ave (ca-17) due to accident.,santa cruz hwy,los gatos,santa clara,ca,us,-0.64443415,0.14273453,1.8142759,-0.6422932,0,0,0,0,0,0,0,0,0,0,0,1,1,1,2,1,0,0,1.1882882,-1.0574068,0.5308501
2,2018-04-10 08:08:02,0.3894599,-0.687551,accident on i-94 i-43 westbound at i-43.,w lapham blvd,milwaukee,milwaukee,wi,us,-0.15977779,1.1860106,0.36349687,0.17658533,0,0,0,0,0,0,0,0,0,1,0,1,1,1,3,0,0,0,0.6686071,-1.4168044,0.40969634
2,2019-03-18 18:26:25,-0.5862564,-0.687551,accident on i-25 northbound at exit 146 garden of the gods rd.,i-25 s,colorado springs,el paso,co,us,-1.0850308,0.7687002,0.12881203,-0.4670008,0,0,0,0,0,0,0,0,0,1,0,1,1,1,3,0,0,0,-1.5462592,0.114938535,0.7117676
1,2020-12-11 13:17:00,-1.3085369,2.0918415,slow traffic on riverside fwy n - i-215 n from columbia ave (i-215) to la cadena dr/iowa ave (i-215) due to accident.,i-215 n,riverside,riverside,ca,us,-0.7766132,-0.84363556,-0.5325725,-0.6422932,0,0,0,0,0,0,0,0,0,0,0,1,1,1,2,1,0,1,0.055601574,0.114938535,0.60403025
1,2022-08-09 18:30:28,0.9174687,1.5770495,crash i-90 - nys thruway eastbound between exit 50 and exit 49,wehrle dr,buffalo,erie,ny,us,-0.07165845,-0.7487923,-0.10587281,-0.6422932,0,0,0,0,0,0,0,0,0,0,0,1,1,1,2,1,0,0,1.6574624,0.114938535,-0.5554681
1,2023-02-13 14:27:00,-1.3570966,-0.67063296,accident on n indiana st from n indiana st to whiteside st.,fowler st,los angeles,los angeles,ca,us,-0.20383745,0.12376587,-1.5993218,-0.6422932,0,0,0,0,0,0,0,0,0,0,0,1,1,1,2,1,1,0,0.055601574,0.114938535,-0.46927816
2,2017-09-26 11:33:21,-1.3073692,-0.687551,right hand shoulder blocked due to accident on i-215 eastbound at exits 31 32a martin luther king blvd.,canyon crest dr,riverside,riverside,ca,us,-2.3187015,0.16170318,-0.36189264,-0.088812955,0,0,0,0,0,0,0,0,0,0,0,1,1,1,3,0,0,1,0.055601574,0.114938535,-0.46074048
2,2019-04-19 06:38:08,-0.043249503,-0.687551,right and center lane blocked right hand shoulder blocked and left hand shoulder blocked due to accident on i-45 northbound at exits 59 60a 60b 61 62 north fwy.,i-45 n,houston,harris,tx,us,0.4570576,0.35138974,0.3208269,-0.6422932,0,0,0,0,0,0,0,0,0,0,0,0,1,1,3,0,0,0,0.6686071,-1.4168044,-0.34405884
1,2022-10-03 15:15:22,1.1850678,2.0918415,slow traffic on garden state pkwy s from us-46/exit 157 (garden state pkwy) to watchung ave/exit 151 (garden state pkwy) due to accident.,garden state pkwy s,elmwood park,bergen,nj,us,-0.24789712,0.99632406,0.96087646,-0.6422932,0,0,0,0,0,0,0,0,0,0,0,1,1,1,2,1,0,0,1.535528,0.74940723,0.61297446
1,2018-02-25 07:06:58,1.2636195,2.0918415,between ct-9/exit 39a and ct-4/exit 39 - accident. left lane blocked.,us-6 w,farmington,hartford,ct,us,0.9417139,1.05323,-0.1272078,2.3006148,0,0,0,0,0,0,0,0,0,0,0,1,1,1,2,1,0,0,0.6686071,1.6466814,0.3592834
1,2022-09-16 07:50:00,0.82769233,1.569799,incident on sr-826 nb near sr-976 center lane blocked. expect delays.,sr-826,miami,miami-dade,fl,us,0.9857736,0.6548883,-0.9592722,-0.6422932,0,0,0,0,0,0,0,0,0,0,0,1,1,1,2,1,0,0,1.6574624,0.114938535,-0.05459083
1,2022-03-17 14:35:25,0.46269095,1.0429229,stationary traffic on us-70s e - us-70s w - tn-1 - us-41 s - us-41 n from rural hill rd (tn-1) to franklin limestone rd (tn-1) due to accident.,scott valley dr,nashville,davidson,tn,us,-0.7766132,-0.67291766,-0.31922266,-0.6422932,0,0,0,0,0,0,0,0,0,0,0,1,1,1,2,1,0,0,-1.5462592,0.114938535,-0.41032752
1,2020-09-18 21:28:00,-1.0067276,1.3740331,queuing traffic on i-17 from happy valley rd/exit 218 (i-17) to az-303 loop/exit 221 (i-17) due to accident.,black canyon fwy n,phoenix,maricopa,az,us,-2.142463,-2.4370027,-1.5993218,-0.6422932,0,0,0,0,0,0,0,0,0,0,0,0,0,0,2,1,1,0,0.055601574,0.114938535,-0.591245
1,2021-11-22 13:07:01,0.9280626,0.83990633,stationary traffic on us-64 bus e from i-440 (us-64 bus) to new hope rd (us-64 bus) due to accident.,new bern ave,raleigh,wake,nc,us,1.073893,-0.3694192,-0.5325725,2.3006148,0,0,0,0,0,0,0,0,0,0,0,1,1,1,2,1,0,0,1.6574624,0.114938535,0.4092898
1,2019-09-25 20:56:57,-0.09899311,2.0918415,closed between ne-66/exit 426 and us-6/exit 409 - road closed due to accident. emergency vehicle.,i-80 w,greenwood,cass,ne,us,-0.11571811,-1.6972251,-0.10587281,-0.6422932,0,0,0,0,0,0,0,0,0,0,0,0,0,0,4,1,0,0,1.6574624,0.114938535,0.09054974
2,2021-02-28 16:20:59,-1.3607554,-0.687551,#1 lane blocked due to accident on i-110 southbound at 3rd st.,w 3rd st,los angeles,los angeles,ca,us,-2.3187015,0.46520168,-1.5993218,-0.6422932,0,0,0,0,0,0,0,0,0,0,0,1,1,1,3,0,1,0,0.055601574,0.114938535,0.7255905
3,2020-05-27 04:38:36,-1.5542289,-0.687551,accident on ca-99 northbound at wilson rd.,wilson rd,yuba city,sutter,ca,us,0.2808189,0.16170318,-1.5993218,-0.6422932,0,0,0,0,0,0,0,0,0,1,0,0,1,1,2,0,1,0,0.055601574,0.114938535,-0.33267528
2,2017-03-07 10:10:30,-0.046674475,-0.6633824,lane blocked and left hand shoulder blocked due to accident on i-69 northbound at chimney rock rd.,chimney rock rd,houston,harris,tx,us,0.41299793,0.80663747,-0.8525973,1.5799973,0,0,1,0,0,0,0,0,0,1,0,1,1,1,3,0,0,0,-1.077085,-1.0574068,-0.09118089
1,2022-04-18 12:06:30,-1.3077065,2.0918415,slow traffic on riverside fwy s - i-215 s from barton rd (i-215) to columbia ave (i-215) due to accident.,i-215 n,colton,san bernardino,ca,us,-1.7018663,-1.6592878,-1.5993218,-0.6422932,0,0,0,0,0,0,0,0,0,0,0,1,1,1,2,1,1,0,0.055601574,0.114938535,0.37229317
1,2017-09-07 15:08:25,-1.34621,0.25502554,at i-605 - accident.,i-10 e,baldwin park,los angeles,ca,us,-1.4815679,0.31345242,1.1102214,0.2026256,0,0,0,0,0,0,0,0,0,0,0,1,1,1,3,1,0,0,-1.4243248,-0.5195302,-0.8981949
1,2020-03-05 13:18:47,-1.616352,-0.687551,at everett st/exit 2 - accident.,i-405 n,portland,multnomah,or,us,-0.9969115,0.7117942,0.10747705,-0.6422932,0,0,0,1,0,0,0,0,0,0,0,1,1,1,2,1,0,0,-1.4243248,-0.5195302,0.64753175
1,2023-01-04 10:44:00,0.9910182,-0.6126283,incident on gold hill sq near house 43717 expect delays.,gold hill sq,leesburg,loudoun,va,us,0.5892366,-0.21766993,0.53417677,-0.6422932,0,0,0,0,0,0,0,0,0,0,0,1,1,1,2,1,0,0,-1.5462592,0.114938535,-0.17655769
1,2022-09-01 16:20:32,0.06982098,0.027840408,incident on i-394 wb near i-394 cd drive with caution.,wayzata blvd,hopkins,hennepin,mn,us,-0.8647325,-1.4696013,-0.31922266,-0.6422932,0,0,0,0,0,0,0,0,0,0,0,1,1,1,2,1,0,1,0.055601574,0.114938535,0.6902201
1,2017-04-01 22:38:19,0.62892705,2.0918415,closed between us-23/exit 148 and grand river rd/exit 145 - road closed due to accident.,i-96 w,brighton,livingston,mi,us,-0.33601645,0.9773554,-0.8525973,0.32654274,0,0,0,0,0,0,0,0,0,0,0,0,0,0,4,1,0,0,-1.4243248,-0.5195302,0.09949397
1,2020-11-11 22:10:00,-1.5201361,-0.59329337,b44-110 1097,deer valley rd,rescue,el dorado,ca,us,-0.95285183,-2.4370027,-0.31922266,-0.6422932,0,0,0,0,0,0,0,0,0,0,0,0,0,0,2,1,0,0,0.055601574,1.7728852,-0.10337757
1,2022-05-23 10:58:00,-1.5551537,-0.6440475,incident on ca-152 near house 3050 drive with caution.,hecker pass rd,gilroy,santa clara,ca,us,-1.4815679,0.047891248,2.0276258,0.25817445,0,0,0,0,0,0,0,0,0,0,0,1,1,1,2,1,0,0,1.535528,-0.5195302,0.091769405
1,2020-12-11 14:04:00,-1.3553195,-0.5038694,i5 n telegraph ofr (atlantic south). solo whi veh spin out on telegraph ofr[shared],i-5 n,los angeles,los angeles,ca,us,-0.5563148,0.38932705,-0.9592722,-0.6422932,0,0,0,0,0,0,0,0,0,0,0,1,1,1,2,1,0,0,-0.557404,-1.4168044,0.31130975
3,2021-11-23 19:02:26,0.77057034,-0.687551,two lanes blocked due to accident on fl-436 semoran blvd southbound at casselton dr.,casselton dr,winter park,seminole,fl,us,-0.33601645,0.74973154,0.96087646,-0.6422932,0,0,0,0,0,0,0,0,0,1,0,0,0,0,2,0,0,0,1.6574624,0.114938535,0.2487001
1,2022-08-08 07:50:00,-1.4486794,-0.03499803,accident on county hwy-415 from hidden knolls rd (road 415) to ca-41 (road 415).,road 415,coarsegold,madera,ca,us,-0.15977779,0.06685991,0.10747705,-0.6422932,0,0,0,0,0,0,0,0,0,0,0,1,1,1,2,1,0,0,1.1882882,-1.0574068,-0.05459083
2,2018-02-27 07:33:19,0.39830974,-0.687551,right hand shoulder blocked due to accident on i-55 stevenson expy outbound at exit 285 central ave.,adlai e stevenson expy s,chicago,cook,il,us,-0.60037446,1.05323,1.8356109,0.6544992,0,0,0,0,0,0,0,0,0,1,0,1,1,1,3,0,0,0,-1.4243248,-0.5195302,-0.46155357
1,2016-09-25 17:53:51,-1.5970212,0.62480557,at 54th ave/exit 137 - accident.,i-5 s,tacoma,pierce,wa,us,-0.7325535,1.1860106,-0.1272078,0.90711814,0,0,0,0,0,0,0,0,0,0,0,1,1,1,2,1,0,0,1.535528,0.74940723,-0.08264321
2,2016-10-03 06:36:13,1.1718683,-0.687551,one lane blocked due to accident on i-280 eastbound between i-80 and exit 1 county hwy-632 new rd.,i-280 e,parsippany,morris,nj,us,1.5585493,0.6359196,-0.08460947,0.5969081,0,0,0,0,0,0,0,0,0,0,0,0,1,1,3,0,1,0,0.055601574,0.114938535,0.04826789
2,2020-02-06 04:44:00,-0.9938555,-0.687551,left hand shoulder blocked due to accident on i-15 northbound after exit 317 ut-106 400 n.,i-15 n,bountiful,davis,ut,us,1.206072,-2.4370027,-0.10587281,2.3006148,0,0,0,0,0,0,0,0,0,0,0,0,0,0,2,0,0,0,-1.077085,1.2872838,-0.22534443
1,2021-01-05 13:12:30,0.826867,-0.20901217,stationary traffic on county hwy-913 - fl-973 from nw 84th ave to sw 4th st due to accident.,w flagler st,miami,miami-dade,fl,us,-1.3493888,0.6548883,0.3208269,-0.6422932,0,0,0,0,0,0,0,0,0,0,0,1,1,1,2,1,0,0,1.535528,-0.5195302,0.49426004
2,2018-03-12 18:33:05,-1.3063996,-0.687551,right hand shoulder blocked due to accident on i-215 southbound before exit 30b watkins dr.,i-215 s,riverside,riverside,ca,us,0.4570576,0.6169509,1.3449062,-0.088812955,0,0,0,0,0,0,0,0,0,0,0,1,1,1,3,0,0,0,0.055601574,-1.5430081,-0.46724537
1,2022-04-18 00:29:00,0.9240391,-0.6319632,incident on us-70 eb near carolina pines ave road closed. take alternate route.,carolina pines ave,raleigh,wake,nc,us,-0.33601645,0.18067184,0.96087646,-0.6422932,0,0,0,0,0,0,0,0,0,1,0,0,0,0,2,1,0,0,0.055601574,1.7728852,-0.5180649
1,2020-04-24 13:07:25,0.7030448,-0.687551,at honore ave - accident.,clark rd,sarasota,sarasota,fl,us,1.1179526,0.48417035,-0.10587281,2.3006148,0,0,0,0,0,0,0,0,0,1,0,1,1,1,1,1,0,0,-1.077085,-1.0574068,0.053146563
2,2020-02-25 10:35:54,0.45240772,-0.687551,accident on albion st at 32nd ave.,albion st,nashville,davidson,tn,us,0.19269957,-0.90054154,-0.31922266,-0.6422932,0,0,0,0,0,0,0,0,0,0,0,1,1,1,2,0,0,0,-1.4243248,-0.5195302,-0.3985374
1,2018-12-06 18:18:16,-0.051401608,0.20185454,ramp to w sam houston tollway s southbound - accident. lane blocked.,i-10 w,houston,harris,tx,us,0.80953497,0.99632406,0.30358094,1.5799973,0,0,0,1,0,0,0,0,0,0,0,0,0,1,2,1,1,0,0.055601574,0.114938535,0.098274305
1,2022-07-25 12:03:00,0.8361566,2.0918415,stationary traffic on fl-91 n - florida's tpke n from fl-806/exit 81 (florida's tpke) to fl-802/exit 93 (florida's tpke) due to accident.,florida's tpke n,boynton beach,palm beach,fl,us,-0.33601645,0.80663747,1.600926,-0.6422932,0,0,0,0,0,0,0,0,0,0,0,1,1,1,2,1,0,0,0.055601574,1.7728852,0.26252303
2,2020-08-01 14:04:22,0.45547312,-0.687551,center lane blocked due to accident on i-24 westbound at us-41 spring st / spring st.,spring st,nashville,davidson,tn,us,0.2808189,-0.8815729,1.3875762,-0.6422932,0,0,0,1,0,0,0,0,0,0,0,1,1,1,2,0,0,0,-1.5462592,0.114938535,-0.14322008
1,2022-11-02 07:43:18,0.67462415,1.0791758,incident on i-71 sb near i-270 expect long delays.,i-71,columbus,franklin,oh,us,1.3823106,-0.5780744,-1.5993218,-0.6422932,0,0,0,0,0,0,0,0,0,0,0,0,1,1,2,1,1,0,0.055601574,0.114938535,-0.21802641
2,2021-03-12 06:04:49,-0.17425741,-0.687551,lane blocked due to accident on i-35 frontage rd southbound at rundberg ln.,i-35 n,austin,travis,tx,us,0.7214156,-0.46426246,0.10747705,-0.6422932,0,0,0,0,0,0,0,0,0,0,0,0,1,1,2,0,0,0,-1.5462592,0.114938535,0.35562438
1,2020-11-14 01:08:23,0.44041997,-0.5401224,incident on jefferson st near 3rd ave expect long delays.,w jefferson st,pulaski,giles,tn,us,1.5585493,-0.48323113,-1.5993218,-0.6422932,0,0,0,0,0,0,0,0,0,0,0,0,0,0,2,1,1,0,0.055601574,0.114938535,-0.020846665
1,2022-02-09 18:06:30,-1.2922224,0.27194357,stationary traffic from i-8 (college ave) to montezuma rd (college ave) due to accident.,college ave,san diego,san diego,ca,us,-1.9662242,-0.19870128,-0.10587281,-0.6422932,0,0,0,0,0,0,1,0,0,0,0,0,1,1,2,1,0,0,1.535528,-0.5195302,0.34789982
1,2021-03-08 05:30:00,-0.12925144,0.5305479,stationary traffic on tx-12 loop - tx-348 from luna rd (w northwest hwy/tx-348) to tx-12 loop/n walton walker blvd (w northwest hwy/tx-348) due to accident.,w northwest hwy,dallas,dallas,tx,us,-0.5563148,0.35138974,-0.5325725,-0.6422932,0,0,0,0,0,0,0,0,0,1,0,0,0,1,2,1,0,0,-1.4243248,0.74940723,-0.5424583
2,2016-09-26 19:02:56,-1.3086636,-0.687551,right hand shoulder blocked due to accident on i-215 northbound at exit 34b ca-91.,i-215 n,riverside,riverside,ca,us,-2.2305822,0.35138974,-0.36189264,-0.088812955,0,0,0,0,0,0,0,0,0,0,0,0,1,1,3,0,0,1,0.055601574,0.114938535,0.2608968
1,2022-09-23 09:47:00,1.1283811,0.33719885,stationary traffic on pa-73 from church rd (township line rd/pa-73) to meetinghouse rd (township line rd/pa-73) due to accident.,township line rd,elkins park,montgomery,pa,us,-0.7766132,0.3703584,2.2398665,-0.6422932,0,0,0,0,0,0,0,0,0,0,0,1,1,1,2,1,0,0,1.535528,-0.5195302,-0.15216433
1,2021-02-14 18:11:00,1.0758679,2.0918415,east of columbia / both directions. the alligator river bridge is closed in both directions.,us highway 64 e,columbia,tyrrell,nc,us,1.5585493,0.80663747,0.3208269,1.5645329,0,0,0,0,0,0,0,0,0,0,0,0,1,1,2,1,0,0,1.535528,0.74940723,-0.0789842
2,2017-04-21 17:22:08,0.71923804,-0.6633824,left hand shoulder blocked due to accident on i-20 westbound before exit 190 ga-388 lewiston rd.,lewiston rd,grovetown,columbia,ga,us,-1.4375082,0.44623303,-0.36189264,1.7705445,0,0,0,0,0,0,0,0,0,0,0,1,1,1,3,0,0,1,0.055601574,0.114938535,0.72924954
2,2018-07-18 13:28:00,-0.17128316,-0.687551,accident on 3rd st at rockwell ave.,sw 3rd st,oklahoma city,oklahoma,ok,us,0.41299793,0.503139,0.92848545,1.762585,0,0,0,0,0,0,0,0,0,1,0,1,1,1,2,0,1,0,0.055601574,0.114938535,0.8967507
2,2020-12-08 07:07:02,-1.0059925,-0.687551,accident on i-17 southbound at exit 198 durango st.,black canyon fwy n,phoenix,maricopa,az,us,-2.0543435,-1.3368206,-0.9592722,-0.6422932,0,0,0,1,0,0,0,0,0,0,0,0,1,1,3,0,0,0,0.055601574,1.7728852,0.40969634
1,2019-05-03 03:10:27,1.1976802,-0.071250975,at 230th st/exit 10 - accident.,major deegan expy n,bronx,bronx,ny,us,0.9417139,0.8825121,0.3208269,-0.6422932,0,0,0,1,0,0,0,0,0,0,0,0,0,0,3,1,0,0,0.055601574,1.7728852,0.4930404
2,2020-10-13 22:28:22,1.0081502,2.0918415,entry ramp to i-95 southbound from fairfax county pkwy eastbound closed due to accident.,backlick rd,springfield,fairfax county,va,us,1.2941914,0.48417035,-1.5993218,-0.6422932,0,0,0,0,0,0,0,0,0,0,0,0,0,0,3,0,1,0,0.055601574,0.114938535,-0.6554809
1,2022-05-26 16:25:00,0.37511328,0.17526905,stationary traffic on us-12 w - il-59 from w case rd (us-12/rand rd/il-59) to w molidor rd/w sullivan lake rd (us-12/il-59) due to accident.,n us highway 12,round lake,lake,il,us,0.5892366,-1.317852,-0.10587281,-0.6422932,0,0,0,0,0,0,0,0,0,0,0,1,1,1,2,1,0,0,-1.077085,1.2872838,0.75039047
1,2023-01-17 10:33:00,-0.67871267,-0.63438004,incident on val verde st near e paisano dr drive with caution.,val verde st,el paso,el paso,tx,us,0.41299793,-2.4370027,0.3208269,2.3006148,0,0,0,0,0,0,0,0,0,1,0,1,1,1,2,1,0,0,-0.557404,-1.4168044,-0.42049143
2,2021-09-10 12:35:44,-0.9843891,-0.687551,three lanes blocked due to accident on i-15 southbound at exit 273 1600.,i-15 s,orem,utah,ut,us,-1.3493888,-2.4370027,-0.31922266,-0.6422932,0,0,0,1,0,0,0,0,0,0,0,1,1,1,3,0,0,0,1.1882882,1.2872838,-0.47578305
2,2017-12-05 13:51:18,-1.6137174,-0.687551,accident on 24th ave near stanton st.,ne 24th ave,portland,multnomah,or,us,-0.027598776,1.6033211,-0.6179125,0.8165437,0,0,0,0,0,0,0,1,0,0,0,1,1,1,2,0,0,1,0.055601574,0.114938535,-0.022879448
2,2022-09-07 07:46:59,0.38412175,-0.687551,crash on st charles rd at grace st.,n grace st,lombard,dupage,il,us,0.7214156,-0.42632514,0.3208269,-0.6422932,0,0,0,0,1,0,0,0,0,1,0,1,1,1,1,0,0,0,1.6574624,0.114938535,-0.079390764
1,2020-12-02 13:28:00,-1.3057219,1.6495554,slow traffic on i-215 s from mill st (i-215) to orange show rd/auto plaza dr (i-215) due to accident.,i-215 s,san bernardino,san bernardino,ca,us,-2.4508805,-1.6023818,-0.31922266,-0.6422932,0,0,0,0,0,0,0,0,0,0,0,1,1,1,2,1,0,0,-0.557404,-1.4168044,0.94553745
1,2020-11-06 00:17:00,-1.5305583,-0.56670785,incident on dredger way near house 5289 expect delays.,richdale way,orangevale,sacramento,ca,us,-0.07165845,-0.084889345,0.10747705,0.02471988,0,0,0,0,0,0,0,0,0,0,0,0,0,0,2,1,0,0,-1.4243248,0.74940723,-3.66481
2,2022-08-19 13:36:43,-0.5922089,2.0918415,right lane blocked due to crash on i-270 westbound from exit 4 co-35 quebec st to exits 2a 2b us-6.,i-270 w,commerce city,adams,co,us,-1.3493888,-2.4370027,0.3208269,-0.6422932,0,0,0,0,0,0,0,0,0,0,0,1,1,1,3,0,0,0,1.6574624,0.114938535,-0.500583
1,2021-11-21 23:33:30,0.8291051,-0.114754505,stationary traffic on fl-823 from nw 204th st to nw 55th ave due to accident.,nw 57th ave,opa locka,miami-dade,fl,us,1.1179526,0.5979823,-1.5993218,-0.6422932,0,0,0,0,0,0,0,0,0,0,0,0,0,0,2,1,1,0,0.055601574,0.114938535,0.39668655
1,2021-05-15 02:27:00,-0.99032646,0.16076787,construction on us-60 eb near az-87 road closed. take alternate route.,us-60,mesa,maricopa,az,us,-1.9662242,-2.038661,-0.5325725,-0.6422932,0,0,0,0,0,0,0,0,0,0,0,0,0,0,2,1,0,0,1.1882882,1.2872838,-0.5668517
2,2017-07-13 14:17:28,0.6627467,-0.687551,accident on i-96 westbound at exit 185 m-5 grand river ave.,rosa parks memorial hwy,detroit,wayne,mi,us,0.32487857,0.52210766,0.12881203,1.6029277,0,0,0,0,0,0,0,0,0,0,0,1,1,1,3,0,0,0,-0.557404,-1.4168044,0.22511983
2,2021-03-31 16:30:27,-0.98567426,-0.687551,accident on us-60 westbound at exit 184 val vista dr.,superstition fwy w,mesa,maricopa,az,us,-2.5830595,-1.6023818,0.53417677,-0.6422932,0,0,0,0,0,0,0,0,0,0,0,1,1,1,2,0,0,0,0.6686071,1.6466814,-0.4826945
2,2019-11-20 07:56:01,0.7018804,-0.687551,accident on sc-86 at i-85 exit 35.,highway 86,piedmont,anderson,sc,us,0.060520563,-1.1091968,-1.5993218,-0.6422932,0,0,0,0,0,0,0,0,0,0,0,1,1,1,2,0,1,0,0.055601574,0.114938535,0.2385362
2,2019-08-02 10:45:54,1.1908945,-0.687551,2 right lane blocked due to accident on nj-495 eastbound near pleasant avenue.,lincoln tunl e,weehawken,hudson,nj,us,-0.29195678,0.6359196,0.010939739,-0.6422932,0,0,0,0,0,0,1,0,0,0,0,1,1,1,2,0,0,0,0.22318402,-0.23695284,-0.10581691
1,2021-09-11 09:08:30,1.2016591,2.0918415,stationary traffic on hutchinson river pkwy s - i-678 s from lafayette ave (i-678) to 14th ave/center dr (i-678) due to accident.,bronx whitestone brg s,bronx,bronx,ny,us,-0.6884938,0.9583867,-0.9592722,-0.6422932,0,0,0,0,0,0,0,0,0,0,0,1,1,1,2,1,0,0,1.535528,-0.5195302,0.4454733
2,2017-04-07 17:42:39,-0.13221994,-0.6633824,accident on tx-161 northbound at macarthur blvd.,state highway 161,irving,dallas,tx,us,-1.6137469,0.73076284,1.600926,1.2362125,0,0,0,0,0,0,0,0,0,0,0,1,1,1,2,0,0,0,-1.5462592,0.114938535,-0.23388213
1,2017-03-20 03:06:01,0.11399241,-0.687551,at cr-31 - accident.,highway 61 blvd,welch,goodhue,mn,us,0.9857736,0.5410763,0.47513464,0.14129707,0,0,1,0,0,0,0,1,0,0,0,0,0,0,2,1,1,0,0.055601574,0.114938535,-0.22493789
2,2016-10-31 19:29:40,-1.5944448,-0.6633824,very slow traffic and right lane blocked due to accident on i-90 westbound before exits 3 3a 3b rainier ave.,rainier ave s,seattle,king,wa,us,1.2501316,0.29448378,-0.36189264,2.3006148,0,0,0,0,0,0,1,0,0,0,0,0,0,1,3,0,0,0,-1.077085,1.2872838,-0.55058944
2,2019-05-24 11:22:08,1.016034,-0.687551,lane blocked and left hand shoulder blocked due to accident on i-495 capital beltway southbound before exit 177 / us-1 richmond hwy / us-1 patrick st.,capital beltway w,alexandria,alexandria,va,us,-0.9969115,0.6738569,2.0276258,-0.6422932,0,0,0,1,0,0,0,0,0,0,0,1,1,1,3,0,0,0,1.535528,-0.5195302,0.7536429
2,2017-12-12 07:20:54,1.0551465,-0.687551,accident on md-7 philadelphia rd at joppa farm rd.,philadelphia rd,joppa,harford,md,us,0.2808189,-0.103858,-0.2270679,0.885618,0,0,0,0,0,0,0,0,0,0,0,1,1,1,2,0,1,0,0.055601574,0.114938535,-0.569291
1,2022-02-01 16:50:42,0.7623579,-0.2186796,slow traffic on fl-438 - fl-431 from figwood ln to homestead rd due to accident.,figwood ln,orlando,orange,fl,us,-0.8206728,0.7687002,1.1742263,-0.6422932,0,0,0,0,0,0,1,0,0,0,0,1,1,1,2,1,0,0,0.055601574,1.7728852,-0.03751547
2,2022-02-16 08:32:02,1.1890156,-0.687551,crash on garden state pkwy northbound at cr-41 red schoolhouse rd.,garden state pkwy,spring valley,rockland,ny,us,0.19269957,1.05323,-0.10587281,-0.6422932,0,0,0,0,0,0,0,0,0,0,0,1,1,1,2,0,0,0,-1.4243248,0.74940723,-0.56603855
1,2022-12-22 17:06:30,-1.6443882,2.0918415,slow traffic on or-99e from lasalle st (albany junction city hwy/or-99e) to or-99/w 18th ave (albany junction city hwy/or-99e) due to accident.,highway 99 e,harrisburg,linn,or,us,0.4570576,0.14273453,1.1742263,1.5645329,0,0,0,0,0,0,0,0,0,0,0,0,1,1,2,1,0,0,1.6574624,0.114938535,0.32350644
1,2021-10-13 17:16:30,-1.3632706,-0.41202864,slow traffic from halldale ave to storm pkwy due to accident.,sepulveda blvd,torrance,los angeles,ca,us,-0.95285183,0.23757781,0.96087646,-0.06468808,0,0,0,0,0,0,0,0,0,0,0,1,1,1,2,1,0,0,0.055601574,-1.5430081,0.73819375
3,2022-07-14 10:06:49,-1.4505916,-0.687551,crash on i-80 eastbound at exit 13 virginia st.,i-80,reno,washoe,nv,us,-1.8340452,-2.4370027,-1.5993218,-0.6422932,0,0,0,0,0,0,0,0,0,0,0,1,1,1,2,0,1,0,0.055601574,0.114938535,0.30683765
1,2020-12-15 20:01:40,-0.042224582,-0.59329337,incident on yale st near w 21st st drive with caution.,yale st,houston,harris,tx,us,1.073893,0.44623303,0.53417677,-0.6422932,1,0,0,0,0,0,0,1,0,0,0,0,0,0,2,1,0,0,1.6574624,0.114938535,0.22999853
1,2021-04-30 11:46:21,0.44687337,-0.5183706,incident on i-20 eb near mm 118 right lane blocked. expect delays.,i-20 e,fairfield,jefferson,al,us,-0.24789712,-0.35045052,-0.31922266,-0.6422932,0,0,0,0,0,0,0,0,0,0,0,1,1,1,2,1,0,0,1.6574624,0.114938535,-0.14362665
1,2021-04-27 05:36:30,-0.17328037,0.015756093,stationary traffic from owen tech blvd to center line pass due to accident.,n interstate 35,austin,travis,tx,us,1.2941914,-0.9574475,0.3208269,-0.6422932,0,0,0,0,0,0,0,0,0,0,0,0,0,1,2,1,0,0,-1.4243248,0.74940723,0.055179346
2,2019-12-18 07:51:19,1.0969437,-0.687551,accident on pa-113 uwchlan ave at gordon dr.,e uwchlan ave,exton,chester,pa,us,0.41299793,-0.8815729,0.10747705,-0.6422932,0,0,1,0,0,0,0,0,0,1,0,1,1,1,2,0,0,0,0.055601574,-1.5430081,-0.07125963
1,2022-03-09 19:26:00,-0.8735076,0.40245417,stationary traffic on us-191 n - us-191 s from blue hills rd (us-191) to valley city rd (us-191) due to accident.,us highway 191,thompson,grand,ut,us,-0.46819547,-2.4370027,0.3208269,-0.6422932,0,0,0,0,0,0,0,0,0,0,0,0,0,1,2,1,0,0,0.055601574,-1.5430081,-0.64003175
1,2018-12-05 11:43:04,0.71180564,2.0580053,at i-4/exit 261 - accident. right lane blocked.,i-75 s,tampa,hillsborough,fl,us,-1.1290905,1.1480733,-0.1272078,1.6892837,0,0,0,0,0,0,0,0,0,0,0,1,1,1,2,1,0,0,1.535528,0.74940723,0.21536249
1,2019-05-16 06:56:13,-0.042966664,-0.687551,at mt houston rd - accident. left lane blocked. center lane blocked.,i-45 n,houston,harris,tx,us,1.5585493,0.44623303,-1.5993218,-0.6422932,0,0,0,0,0,0,0,0,0,1,0,1,1,1,3,1,1,0,0.055601574,0.114938535,0.09705464
2,2018-01-03 08:54:48,-0.12735182,-0.687551,accident on i-35e northbound at regal row.,stemmons fwy n,dallas,dallas,tx,us,-0.29195678,1.4895091,-0.8525973,1.0385345,0,0,0,0,0,0,0,0,0,1,0,1,1,1,3,0,0,0,-0.557404,-1.4168044,0.062497355
1,2023-01-05 14:23:30,0.76046497,0.29127848,stationary traffic on fl-482 from dr phillips blvd (w sand lake rd/fl-482) to i-4 (w sand lake rd/fl-482) due to accident.,w sand lake rd,orlando,orange,fl,us,0.5892366,0.6548883,-0.10587281,-0.6422932,0,0,0,0,0,0,0,0,0,0,0,1,1,1,2,1,0,0,1.1882882,-1.0574068,0.2747197
1,2020-10-25 09:44:45,-1.4590116,2.0918415,incident on i-84 wb near mp 151 expect delays.,columbia river hwy 2,boardman,morrow,or,us,-0.29195678,0.3703584,-0.5325725,-0.6422932,0,0,0,0,0,0,0,0,0,0,0,1,1,1,2,1,0,0,0.055601574,-1.5430081,4.208151
2,2016-10-06 17:32:36,1.1972704,-0.687551,right lane blocked due to accident on palisades interstate pkwy northbound at exit 3 us-9w.,palisades interstate pkwy n,alpine,bergen,nj,us,-1.2172098,1.1291046,-0.8525973,1.4047849,0,0,0,0,0,0,0,0,0,0,0,1,1,1,2,0,0,0,-0.557404,1.6466814,-0.43024877
2,2022-06-19 14:16:37,0.60577524,-0.687551,one lane blocked due to crash on i-85 southbound after exit 102 ga-378 beaver ruin rd.,i-85,norcross,gwinnett,ga,us,-1.6578065,-1.0902281,-0.17227763,-0.6422932,0,0,0,0,0,0,0,0,0,0,0,1,1,1,3,0,0,0,-0.13575944,-0.29749173,0.5946794
1,2022-12-12 23:08:32,-0.705644,2.0918415,incident on old highway 10 near reservation creek rd drive with caution.,old highway 10,forsyth,rosebud,mt,us,1.0298333,-2.4370027,1.600926,-0.6422932,0,0,0,0,0,0,0,0,0,0,0,0,0,0,2,1,0,0,1.1882882,-1.0574068,0.007205713
2,2021-07-13 04:10:32,0.70184076,-0.687551,accident on himes ave at lambright st.,w lambright st,tampa,hillsborough,fl,us,1.1179526,0.9394181,-0.5325725,-0.6422932,0,0,0,0,0,0,0,0,0,1,0,0,0,0,2,0,0,0,1.535528,0.74940723,0.4462864
1,2020-11-19 03:14:39,0.7149883,2.0652559,incident on i-64 wb near mm 19 drive with caution.,i-64 w,barboursville,cabell,wv,us,-0.38007614,-0.23663859,-1.5993218,-0.6422932,0,0,0,0,0,0,0,0,0,0,0,0,0,0,2,1,1,0,0.055601574,0.114938535,0.59549254
2,2019-08-07 08:04:17,0.6880674,-0.687551,accident on us-19 at alderman rd.,alderman rd,palm harbor,pinellas,fl,us,1.5585493,0.6169509,-1.5993218,-0.6422932,0,0,0,0,0,0,0,0,0,1,0,1,1,1,2,0,1,0,0.055601574,0.114938535,0.09868086
1,2022-07-20 14:54:00,0.6448587,0.56196713,incident on m-14 wb near beck drive with caution.,m-14 w,plymouth,wayne,mi,us,0.10458023,-1.6592878,1.600926,2.3006148,0,0,0,0,0,0,0,0,0,0,0,1,1,1,2,1,0,0,-1.4243248,-0.5195302,0.04298266
2,2019-11-25 08:08:43,0.78827876,-0.687551,accident on muller rd at blythewood rd.,muller rd,blythewood,richland,sc,us,1.5585493,-0.72982365,-1.5993218,0.44544432,0,0,0,0,0,0,0,1,0,0,0,1,1,1,2,0,1,0,0.055601574,0.114938535,-0.1346824
1,2021-10-28 06:07:00,-1.3390687,-0.65129805,accident from placentia ave (orangethorpe ave) to ca-57/orange fwy (orangethorpe ave).,w orangethorpe ave,placentia,orange,ca,us,0.5451769,0.48417035,-1.5993218,-0.6422932,0,0,0,0,0,0,1,0,0,0,0,0,0,1,2,1,1,0,0.055601574,0.114938535,0.3600965
1,2022-12-17 00:59:00,1.209406,2.0918415,slow traffic on i-87 n - adirondack northway n from ny-149/exit 20 (i-87) to us-9/ny-9/exit 22 (i-87) due to accident.,adirondack northway n,lake george,warren,ny,us,1.206072,-0.76776093,-0.5325725,2.3006148,0,0,0,0,0,0,0,0,0,0,0,0,0,0,2,1,0,0,1.6574624,0.114938535,0.16494952
2,2016-09-01 14:47:18,1.0383623,-0.687551,left hand shoulder blocked due to accident on i-95 northbound at exits 50a-50b 50b-a us-1 alt caton ave.,i-95 s,halethorpe,baltimore city,md,us,0.32487857,0.3703584,-0.6179125,0.75156593,0,0,0,0,0,0,0,0,0,0,0,1,1,1,2,0,0,1,0.055601574,0.114938535,-0.1448463
1,2018-10-17 12:26:30,-1.5386642,2.0918415,at auburn - accident.,nelson ln,lincoln,placer,ca,us,-1.8781049,0.7876688,-0.3755854,1.2723757,0,0,0,0,0,0,0,0,0,1,0,1,1,1,2,1,1,0,0.055601574,0.114938535,-0.18875438
2,2022-09-05 20:41:06,1.2474161,-0.687551,left lane blocked due to crash on i-84 westbound at exit 21 meadow st.,bank st,waterbury,new haven,ct,us,1.5585493,-0.653949,0.3208269,2.3006148,0,0,0,0,0,0,0,0,0,0,0,0,0,1,3,0,0,0,0.055601574,1.7728852,-0.22290508
1,2022-08-10 22:27:29,1.1916268,-0.22351333,nysta - statewide ops.: crash on i-87 - nys thruway southbound at before exit 14 (i-87) - spring valley (rte 59) starting 10:27 pm 08/10/2022 [cars cad-222220543],i-287 w,nanuet,rockland,ny,us,1.3823106,-0.2745759,-1.5993218,-0.6422932,0,0,0,0,0,0,0,0,0,0,0,0,0,0,2,1,1,0,0.055601574,0.114938535,-0.67702836
1,2022-02-25 16:33:15,1.2063884,0.94383144,nysdot tmc - albany: crash on i-90 eastbound area of northern boulevard (albany) right shoulder closed,i-90 e,albany,albany,ny,us,-0.15977779,0.21860915,2.2398665,-0.6422932,0,0,0,0,0,0,0,0,0,0,0,1,1,1,2,1,0,0,0.055601574,-1.5430081,-0.41439307
1,2021-02-05 15:42:30,0.49040073,1.4368715,slow traffic on i-65 s from dr martin luther king jr st/exit 117 (i-65) to dr martin luther king jr st/exit 114 (i-65) due to accident.,w 26th st,indianapolis,marion,in,us,-0.027598776,-1.4696013,0.96087646,-0.6422932,0,0,0,0,0,0,0,0,0,0,0,1,1,1,2,1,0,0,-0.557404,-1.4168044,-0.23754112
3,2022-03-17 15:29:33,0.08012647,0.15835099,entry ramp to i-494 northbound from nicollet ave southbound lane blocked due to crash.,nicollet ave s,minneapolis,hennepin,mn,us,-0.38007614,-1.0143535,0.53417677,-0.6422932,0,0,0,0,0,0,0,0,0,1,0,1,1,1,2,0,0,0,1.1882882,-1.0574068,-0.5534353
2,2019-08-21 09:16:59,0.07306435,-0.687551,accident on us-169 northbound at jordan ave.,us-169 s,hopkins,hennepin,mn,us,0.23675925,-1.0333221,-0.31922266,-0.6422932,0,0,0,0,0,0,0,0,0,0,0,1,1,1,2,0,0,0,1.535528,-0.5195302,0.6036237
2,2018-08-03 21:42:42,-1.3557352,-0.687551,accident on i-5 northbound at i-710.,i-5 n,los angeles,los angeles,ca,us,0.2808189,0.35138974,-0.73880345,0.11989498,0,0,0,1,0,0,0,0,0,0,0,0,0,0,3,0,1,0,0.055601574,0.114938535,-0.08630222
1,2018-10-04 09:16:08,1.3411735,-0.06883411,at us-6/us-1/ri-10/exit 22 - accident. right lane blocked.,i-95 s,providence,providence,ri,us,1.2941914,0.73076284,-0.6179125,0.3059542,0,0,0,0,0,0,0,0,0,0,0,1,1,1,2,1,0,1,0.055601574,0.114938535,0.33895558
2,2018-05-01 07:04:02,1.1295367,-0.687551,restrictions due to accident on davisville rd at byberry rd.,byberry rd,hatboro,montgomery,pa,us,0.5451769,0.8825121,-0.8525973,0.40735713,0,0,0,0,0,0,0,0,0,1,0,1,1,1,2,0,0,0,-0.557404,-1.4168044,0.26333612
1,2022-12-06 13:23:00,0.70656866,-0.617462,incident on us-41 near 12th st expect delays.,n us highway 41,apollo beach,hillsborough,fl,us,-0.027598776,0.8825121,-0.5325725,-0.6422932,0,0,0,0,0,0,0,0,0,0,0,1,1,1,2,1,0,0,-0.557404,-1.4168044,0.7016037
2,2018-04-18 08:24:34,1.2185456,2.0918415,left lane blocked due to accident on southern state pkwy eastbound between exit 24 merrick avenue and exit 25 ny-106 newbridge rd.,newbridge rd,bellmore,nassau,ny,us,-0.4241358,0.2755151,1.8356109,2.3006148,0,0,0,0,0,0,0,0,0,0,0,1,1,1,2,0,0,0,0.055601574,-1.5430081,-0.6749956
1,2020-06-01 13:00:37,-1.6567414,-0.687551,at lariat dr/exit 71 - accident.,i-5 n,grants pass,josephine,or,us,-0.20383745,-2.4370027,-0.5325725,-0.6422932,0,0,0,0,0,0,0,0,0,0,0,1,1,1,2,1,0,1,0.055601574,0.114938535,0.13120537
1,2022-07-21 21:11:00,-1.3041826,-0.28635177,accident on avenida la cresta from the trails cir to woodward way.,the trails cir,murrieta,riverside,ca,us,-1.3493888,-2.1904101,-0.5325725,-0.6422932,0,0,0,0,0,0,0,0,0,0,0,0,0,1,2,1,0,0,-1.077085,-1.0574068,-0.0789842
1,2021-06-30 13:28:45,-0.98768497,2.0918415,incident on i-15 nb near i-15 drive with caution.,i-15,american fork,utah,ut,us,-1.7018663,-2.4370027,-0.10587281,-0.6422932,0,0,0,0,0,0,0,0,0,0,0,1,1,1,2,1,0,1,0.055601574,0.114938535,-0.6461301
1,2016-12-19 15:36:09,0.40626016,0.21635571,at us-12/us-20/95th st/exit 62 - accident.,dan ryan expy s,chicago,cook,il,us,-0.46819547,1.9068196,1.3449062,0.6544992,0,0,0,0,0,0,0,0,0,0,0,1,1,1,3,1,0,0,-1.4243248,-0.5195302,-0.39243904
1,2021-07-02 07:35:00,0.98031527,-0.16550863,incident on us-17 nb near transfer station rd drive with caution.,us highway 17,hampstead,pender,nc,us,0.8976543,0.38932705,0.10747705,-0.6422932,0,0,0,0,0,0,0,0,0,0,0,1,1,1,2,1,0,0,-1.4243248,-0.5195302,-0.42049143
1,2021-10-07 11:41:00,-1.56942,2.0918415,incident on i-680 nb near ca-84 drive with caution.,i-680 n,sunol,alameda,ca,us,-0.8647325,-0.17973262,-0.10587281,-0.6422932,0,0,0,0,0,0,0,0,0,0,0,1,1,1,2,1,0,0,0.055601574,-1.5430081,-0.27413118
2,2018-04-03 08:38:28,0.5035644,-0.687551,accident on us-36 pendleton pike at 700.,n 700 w,indianapolis,marion,in,us,1.5585493,0.085828565,-0.1272078,1.396894,0,0,0,0,1,0,0,0,0,1,0,1,1,1,2,0,0,0,-1.5462592,0.114938535,0.0787596
1,2022-02-16 11:23:00,-0.04347794,2.0918415,slow traffic on i-45 n - i-45 s from i-45/north fwy frontage/fm-1960 (i-45 hov) to airline dr/exit 53 (i-45 hov) due to accident.,i-45 n,houston,harris,tx,us,0.1486399,0.40829572,1.3875762,-0.6422932,0,0,0,0,0,0,0,0,0,0,0,1,1,1,2,1,0,0,-1.4243248,0.74940723,0.75039047
1,2017-02-22 06:32:46,-1.5929072,-0.5594573,at 36th ave nw - accident.,state route 532,stanwood,snohomish,wa,us,0.4570576,1.0342613,-0.07253613,1.077723,0,0,0,0,0,0,0,0,0,0,0,0,1,1,3,1,1,0,0.055601574,0.114938535,-0.035889246
1,2020-06-15 10:29:00,0.91427606,-0.687551,at i-540/exit 283 - accident. two lanes closed.,i-40 w,morrisville,wake,nc,us,1.2501316,0.35138974,0.53417677,2.3006148,0,0,0,1,0,0,0,0,0,0,0,1,1,1,1,1,0,0,1.535528,0.74940723,-0.5180649
1,2023-01-19 16:30:35,0.67218083,1.320862,incident on i-670 eb near neil ave drive with caution.,i-670,columbus,franklin,oh,us,-0.9969115,-1.9817549,1.600926,-0.6422932,0,0,0,0,0,0,0,0,0,0,0,1,1,1,2,1,0,0,-1.5462592,0.114938535,-0.47944206
2,2020-03-17 10:11:39,-0.17472394,-0.687551,accident on martin luther king jr blvd at m franklin ave.,e martin luther king jr blvd,austin,travis,tx,us,0.8535946,-0.50219977,-0.31922266,-0.6422932,0,0,0,0,0,0,0,0,0,1,0,1,1,1,2,0,0,1,0.055601574,0.114938535,0.13201848
2,2018-05-25 15:36:53,0.7778274,-0.687551,left hand shoulder blocked due to accident on i-95 southbound before exit 284 fl-100.,e highway 100,palm coast,flagler,fl,us,0.060520563,0.5410763,1.3875762,1.6625963,0,0,0,0,0,0,0,0,0,1,0,1,1,1,3,0,0,0,-1.077085,1.2872838,-1.838153
2,2018-06-12 07:04:36,0.6594186,-0.687551,accident on plymouth rd at evergreen ave.,plymouth rd,detroit,wayne,mi,us,1.1179526,0.6548883,-0.36189264,1.6029277,0,0,0,0,0,0,0,0,0,1,0,1,1,1,2,0,0,0,-0.557404,1.6466814,0.3015524
2,2020-06-09 15:36:42,1.175844,-0.687551,right lane blocked due to accident on ny-17 westbound at ny-94.,ny-17 w,chester,orange,ny,us,-1.1731502,-0.38838783,0.3208269,-0.6422932,0,0,0,0,0,0,0,0,0,0,0,1,1,1,2,0,0,0,-1.077085,-1.0574068,-0.40341604
1,2021-09-16 17:34:35,-0.05029893,-0.4216961,slow traffic from richmond ave (s gessner rd) to westpark tollway (s gessner rd) due to accident.,s gessner rd,houston,harris,tx,us,0.32487857,0.1996405,0.53417677,-0.6422932,0,0,0,0,0,0,0,0,0,0,0,1,1,1,2,1,0,0,1.535528,0.74940723,-0.4306553
1,2021-01-15 13:40:30,0.3828594,-0.2766843,stationary traffic from us-12/rand rd (il-53) to lake cook rd (il-53) due to accident.,e constitution dr,palatine,cook,il,us,0.7654753,-1.6213505,0.60219914,1.5645329,0,0,0,0,0,0,0,0,0,0,0,1,1,1,2,1,0,0,0.042691916,-0.029494999,-0.2619345
1,2022-11-04 15:51:00,-1.5541741,1.6447217,accident on ca-16 e - i-5 s from cr-22/old river rd (i-5) to airport blvd (i-5).,i-5,sacramento,sacramento,ca,us,-1.3934485,1.110136,-0.10587281,-0.6422932,0,0,0,0,0,0,0,0,0,0,0,1,1,1,2,1,0,0,-1.4243248,0.74940723,-0.030197458
2,2021-01-02 13:05:10,0.28348124,-0.687551,lane blocked due to accident on i-74 westbound at koerner rd .,i-74 e,edwards,peoria,il,us,1.206072,-0.61601174,-0.31922266,-0.6422932,0,0,0,0,0,0,0,0,0,0,0,1,1,1,3,0,0,0,1.1882882,1.2872838,0.022654848
1,2020-05-27 18:21:27,0.83145875,-0.687551,at n broad st - serious accident.,n broad st,winston salem,forsyth,nc,us,1.5585493,-1.2988833,1.3875762,2.3006148,0,0,0,0,0,0,0,0,0,1,0,1,1,1,3,1,0,0,1.535528,0.74940723,0.029566305
2,2019-06-01 10:20:50,-1.3197491,1.1009276,accident on entry ramp to i-10 westbound from i-15 northbound.,i-15 n,ontario,san bernardino,ca,us,0.5892366,-1.5075386,-0.9592722,-0.6422932,0,0,0,0,0,0,0,0,0,0,0,1,1,1,3,0,0,0,-0.557404,-1.4168044,0.69753814
1,2022-04-12 16:09:51,1.1872616,2.0918415,nysta - statewide ops.: crash on i-87 - nys thruway northbound at after exit 17 (i-87) - newburgh (i-84 - rte 17k) starting 4:09 pm 04/12/2022 [cars cad-221020311],new york state thruway,wallkill,orange,ny,us,-1.0850308,-0.4073565,1.3875762,-0.6422932,0,0,0,0,0,0,0,0,0,0,0,1,1,1,2,1,0,0,0.055601574,-1.5430081,0.6247646
1,2021-02-16 08:58:00,-1.3627087,-0.6295463,incident on sepulveda blvd near s vermont ave drive with caution.,sepulveda blvd,torrance,los angeles,ca,us,0.7654753,0.44623303,0.10747705,-0.06468808,1,0,0,0,0,0,0,0,0,0,0,1,1,1,2,1,0,0,0.055601574,-1.5430081,0.091769405
2,2021-05-28 14:08:03,0.6395236,-0.687551,lane blocked due to accident on i-80 westbound at exit 64 i-75 exit 195a-b.,i-75 n,perrysburg,wood,oh,us,0.80953497,-0.76776093,2.2398665,-0.6422932,0,0,0,0,0,0,0,0,0,0,0,1,1,1,3,0,0,0,1.1882882,1.2872838,0.38570955
1,2018-09-21 05:11:50,-1.6214354,0.11243061,at greenburg rd/exit 5 - accident.,beaverton tigard fwy n,portland,washington,or,us,1.2501316,0.69282556,-0.019056434,0.8165437,0,0,0,0,0,0,0,0,0,0,0,0,0,0,2,1,1,0,0.055601574,0.114938535,0.4779978
2,2020-09-19 10:54:35,-0.23383442,-0.687551,accident on fm-471 culebra rd at bridleback dr.,culebra rd,san antonio,bexar,tx,us,-0.07165845,-0.61601174,0.3208269,-0.6422932,0,0,0,0,0,0,0,0,0,1,0,1,1,1,2,0,0,0,1.535528,0.74940723,-0.01596799
1,2021-10-20 15:56:00,0.7669602,-0.24284825,slow traffic on county hwy-527 from wetherbee rd to intermodal way / zell dr due to accident.,e wetherbee rd,orlando,orange,fl,us,-0.90879214,0.73076284,1.600926,-0.6422932,0,0,0,0,0,0,0,0,0,0,0,1,1,1,2,1,0,0,0.6686071,1.6466814,0.091769405
1,2016-10-05 05:59:14,0.20196688,1.1226794,between weller ave/exit 3 and evangeline st/exit 4 - accident.,weller ave,baton rouge,east baton rouge,la,us,1.3823106,0.52210766,-0.36189264,2.3006148,0,0,0,0,0,0,0,0,0,0,0,0,0,1,2,1,0,0,0.6686071,1.6466814,0.1706413
1,2022-10-14 07:14:28,0.0053127487,-0.63921374,accident at i-29 exit [2n].,i-670 e,kansas city,jackson,mo,us,-0.38007614,-1.2419773,-0.31922266,-0.6422932,0,0,0,1,0,0,0,0,0,0,0,0,1,1,2,1,0,0,0.055601574,-1.5430081,0.5178403
1,2020-12-27 21:57:04,-1.6159859,2.0918415,a stalled vehicle has the right lane closed nb at the iowa viaduct. use caution.,i-5 n,portland,multnomah,or,us,0.23675925,0.57901365,0.53417677,-0.6422932,0,0,0,0,0,0,0,0,0,0,0,0,0,0,2,1,0,0,-0.557404,1.6466814,0.117789
1,2022-09-26 08:27:00,-1.3027542,-0.6803004,accident on w ellis ave from state highway 74 to mcpherson rd.,ellis ave,perris,riverside,ca,us,-1.5256275,-2.4370027,-1.5993218,-0.6422932,0,0,0,0,0,0,0,1,0,0,0,1,1,1,2,1,1,0,0.055601574,0.114938535,-0.66442513
1,2023-01-22 08:39:30,0.6620282,2.0918415,slow traffic on i-94 e - detroit industrial fwy e from oakwood blvd/exit 206 (i-94) to rotunda dr/exit 209 (i-94) due to accident.,detroit industrial fwy e,allen park,wayne,mi,us,1.0298333,-0.8246669,-0.31922266,2.3006148,0,0,0,0,0,0,0,0,0,0,0,1,1,1,2,1,0,0,0.6686071,1.6466814,-0.31072125
1,2022-09-06 15:52:00,-1.5694541,-0.6488812,incident on crater lake dr near calistoga dr drive with caution.,crater lake dr,chico,butte,ca,us,-2.406821,-0.3125132,0.96087646,-0.6422932,0,0,0,0,0,0,0,1,0,0,0,1,1,1,2,1,0,0,-0.557404,-1.4168044,0.14055614
1,2023-01-28 14:52:00,-1.6964082,-0.61504513,accident on boyd rd from giuntoli ln to courtyard cir.,s boyd rd,arcata,humboldt,ca,us,0.060520563,0.29448378,0.3208269,-0.6422932,0,0,0,0,0,0,0,0,0,0,0,1,1,1,2,1,0,0,1.535528,-0.5195302,-0.0058040856
2,2019-11-30 14:19:24,0.04498462,-0.687551,accident on i-70 westbound after exit 41 mo-m.,i-70 w,mayview,lafayette,mo,us,0.08085778,-0.4104729,0.2615961,-0.6422932,0,0,0,0,0,0,0,0,0,0,0,1,1,1,3,0,0,0,0.006226655,0.053729624,0.12592013
2,2022-05-28 21:50:48,0.94200057,-0.687551,right lane blocked and right hand shoulder blocked due to crash on i-64 eastbound before exit 129 black cat rd.,black cat rd,keswick,albemarle,va,us,-0.15977779,-0.76776093,-1.5993218,-0.6422932,0,0,0,0,0,0,0,0,0,0,0,0,0,1,3,0,1,0,0.055601574,0.114938535,-0.035076134
1,2020-05-26 09:25:40,1.0103335,2.0918415,closed between t554/old route 22/pfoutz valley rd and t526/amity - road closed due to accident. traffic problem.,us-22 e,millerstown,perry,pa,us,0.1486399,0.12376587,-0.5325725,-0.6422932,0,0,0,0,0,0,0,0,0,0,0,1,1,1,4,1,0,0,-1.4243248,-0.5195302,-0.6481629
2,2018-08-07 10:40:10,0.68864083,-0.687551,accident on us-19 at county hwy-576 sunset point rd.,us-19 s,clearwater,pinellas,fl,us,0.41299793,0.82560617,-0.36189264,2.3006148,0,0,0,0,0,0,0,0,0,0,0,1,1,1,2,0,0,0,-1.077085,1.2872838,-0.294459
2,2019-10-12 14:31:17,0.27589327,-0.687551,left lane blocked due to accident on i-240 westbound at exits 12a 12b 12c i-40 exits 10a 12a.,i-240 e,memphis,shelby,tn,us,-1.2172098,0.21860915,-0.9592722,-0.6422932,0,0,0,0,0,0,0,0,0,0,0,1,1,1,3,0,0,1,0.055601574,0.114938535,-0.53554684
2,2022-09-03 07:19:06,0.8276558,-0.687551,lane blocked due to crash on fl-826 northbound at 24th st.,palmetto expy n,miami,miami-dade,fl,us,0.9857736,0.6738569,-0.9592722,-0.6422932,0,0,0,0,0,0,0,0,0,0,0,1,1,1,2,0,0,0,1.6574624,0.114938535,0.65525633
1,2022-07-04 20:43:00,-1.4019554,-0.494202,incident on palm dr near house 1520 drive with caution.,pacific st,bakersfield,kern,ca,us,-1.7018663,-0.5780744,-0.31922266,-0.6422932,0,0,0,0,0,0,0,0,0,0,0,0,1,1,2,1,0,0,1.1882882,-1.0574068,-0.24973781
1,2021-12-10 14:18:43,0.06738088,0.79398596,incident on us-169 sb near marschall rd drive with caution.,shakopee byp s,shakopee,scott,mn,us,1.206072,-1.6023818,0.10747705,2.3006148,0,0,0,1,0,0,0,0,0,0,0,1,1,1,2,1,0,0,1.1882882,1.2872838,-0.3298294
1,2023-02-22 08:47:30,0.8288934,2.0918415,stationary traffic on i-81 n from us-11/us-460 bus/exit 118 (i-81) to us-11/cr-603/exit 128 (i-81) due to accident.,i-81 n,shawsville,montgomery,va,us,-0.46819547,-2.4370027,0.10747705,-0.6422932,0,0,0,0,0,0,0,0,0,0,0,1,1,1,2,1,0,0,-0.557404,1.6466814,-0.164361
1,2018-05-14 16:18:03,1.2298462,-0.42652982,at conety rd - accident. lane blocked.,state route 149,granville,washington,ny,us,-0.90879214,0.52210766,0.36349687,2.3006148,0,0,0,0,0,0,0,0,0,0,0,1,1,1,2,1,0,0,0.055601574,-1.5430081,0.5564631
1,2022-07-18 15:02:01,0.45728675,1.2676911,incident on i-459 sb near mm 18 right shoulder closed.,i-459 s,birmingham,jefferson,al,us,0.8535946,-0.710855,-0.5325725,2.3006148,0,0,0,0,0,0,0,0,0,0,0,1,1,1,2,1,0,0,-1.5462592,0.114938535,0.2385362
1,2021-07-22 17:42:40,0.79711354,-0.24768196,slow traffic on us-521 n from exit [61] to i-485 s due to accident.,i-485 s,charlotte,mecklenburg,nc,us,-0.7325535,-0.5780744,-0.5325725,-0.6422932,0,0,0,0,0,0,0,0,0,0,0,1,1,1,2,1,0,0,0.6686071,1.6466814,-0.23347555
2,2021-06-08 10:26:30,-1.3512996,-0.687551,left hand shoulder blocked due to accident on i-5 northbound before florence ave.,i-5 n,downey,los angeles,ca,us,-0.33601645,0.5979823,-0.5325725,-0.6422932,0,0,0,0,0,0,0,0,0,0,0,1,1,1,2,0,0,1,0.055601574,0.114938535,-0.6278351
1,2022-07-08 10:57:00,-1.4164472,-0.37819257,incident on hollywood blvd near house 360 expect delays.,hollywood blvd,oxnard,ventura,ca,us,0.9857736,0.6359196,-0.5325725,-0.6422932,0,0,0,0,0,0,0,0,0,0,0,1,1,1,2,1,0,1,0.055601574,0.114938535,0.16494952
1,2022-02-14 19:08:30,0.20456325,2.0918415,stationary traffic on i-10 w from i-12/exit 159 (i-10) to dalrymple dr/exit 156 (i-10) due to accident.,i-10 w,baton rouge,east baton rouge,la,us,-0.7766132,1.110136,-1.5993218,-0.6422932,0,0,0,0,0,0,0,0,0,0,0,0,0,1,2,1,1,0,0.055601574,0.114938535,0.39668655
1,2021-05-27 13:03:00,-1.5910351,-0.6029608,accident from el embarcadero (grand ave) to i-580/macarthur blvd (grand ave).,santa clara ave,oakland,alameda,ca,us,-0.07165845,0.8825121,0.3208269,-0.6422932,1,0,0,0,0,0,1,0,0,1,0,1,1,1,2,1,0,0,0.055601574,-1.5430081,0.26252303
1,2022-04-24 02:05:00,-1.4062407,0.58613575,incident on ca-99 sb near california ave expect delays.,ca-99,bakersfield,kern,ca,us,-0.11571811,-0.16076396,-1.5993218,-0.6422932,0,0,0,0,0,0,0,0,0,0,0,0,0,0,2,1,1,0,0.055601574,0.114938535,0.28691638
2,2020-01-06 11:48:30,0.45706543,-0.687551,accident on fesslers ln at elm hill pike.,elm hill pike,nashville,davidson,tn,us,-1.0409712,-0.21766993,-0.9592722,-0.6422932,0,0,0,0,0,0,1,0,0,1,0,1,1,1,2,0,0,0,1.1882882,1.2872838,-0.09118089
3,2020-05-20 17:11:05,-1.3418896,-0.687551,#3 lane blocked due to accident on i-405 northbound at exits 11a 11b ca-73.,i-405 n,costa mesa,orange,ca,us,-0.8206728,0.46520168,0.10747705,-0.6422932,0,0,0,0,0,0,0,0,0,0,0,1,1,1,3,0,0,0,-0.557404,-1.4168044,0.4597028
1,2022-10-17 09:33:00,0.98320055,-0.58604276,incident on lake ave near grassmere park drive with caution.,lake ave,rochester,monroe,ny,us,1.073893,-1.260946,-0.31922266,2.3006148,0,0,0,0,0,0,0,0,0,0,0,1,1,1,2,1,0,0,-1.077085,-1.0574068,0.06737603
1,2019-10-24 07:15:16,0.66669065,0.864075,at i-696/exit 61 - accident. center lane blocked. left lane blocked.,chrysler expy n,hazel park,oakland,mi,us,-0.60037446,-0.50219977,0.53417677,-0.6422932,0,0,0,1,0,0,0,0,0,0,0,0,1,1,3,1,0,0,0.055601574,-1.5430081,0.5617484
2,2019-04-18 06:31:11,-1.5943176,-0.687551,lane blocked due to accident on i-80 westbound at exit 8a i-580.,i-80 w,oakland,alameda,ca,us,0.80953497,0.9014808,-1.5993218,-0.6422932,0,0,0,1,0,0,0,0,0,0,0,1,1,1,3,0,1,0,0.055601574,0.114938535,-0.5135928
3,2018-08-22 17:15:50,0.99223435,2.0918415,entry ramp to i-95 southbound from hermitage rd shoulder blocked due to accident.,hermitage rd,richmond,richmond city,va,us,1.2501316,0.38932705,-0.01886901,-0.6422932,0,0,0,0,0,0,0,0,0,0,0,1,1,1,3,0,1,0,0.055601574,0.114938535,0.5511779
1,2016-10-14 17:31:44,-1.294623,0.9486652,at mercy rd/scripps poway pky - accident.,escondido fwy s,san diego,san diego,ca,us,-0.24789712,0.52210766,-0.1272078,0.8511517,0,0,0,0,0,0,0,0,0,0,0,1,1,1,2,1,0,0,0.6686071,-1.4168044,-0.5489632
2,2022-07-28 14:22:26,-0.04129231,-0.687551,two lanes blocked due to crash on i-10 eastbound at taylor st.,i-10 w,houston,harris,tx,us,-0.8206728,0.48417035,1.1742263,-0.6422932,0,0,0,0,0,0,0,0,0,0,0,1,1,1,3,0,0,0,-1.5462592,0.114938535,-0.14159386
1,2022-12-23 16:22:48,1.2016282,2.0410872,slow traffic on cross county pkwy e from i-87/exit 5-4 (cross county pkwy) to hutchinson blvd/exit 9 (cross county pkwy) due to accident.,cross county pkwy e,mount vernon,westchester,ny,us,-0.51225513,-0.7487923,2.2398665,-0.6422932,0,0,1,1,0,0,0,0,0,0,0,1,1,1,2,1,0,0,0.055601574,-1.5430081,-0.2302231
1,2022-02-14 03:53:30,0.052752588,2.0918415,slow traffic on i-94 w - us-52 w from i-94 (mnroad mainline) (west) (i-94) to mn-25/exit 193 (i-94) due to accident.,i-94 w,monticello,wright,mn,us,0.36893824,-1.2988833,-0.31922266,-0.6422932,0,0,0,0,0,0,0,0,0,0,0,0,0,0,2,1,0,0,1.1882882,1.2872838,-0.21314774
2,2016-12-06 10:59:30,-0.121798895,-0.6633824,accident on walnut hill ln at boedeker dr.,boedeker st,dallas,dallas,tx,us,0.19269957,0.6359196,1.8356109,1.0385345,0,0,0,0,0,0,0,0,0,1,0,1,1,1,2,0,0,0,1.6574624,0.114938535,0.17714621
2,2018-07-08 16:03:23,-1.3692656,-0.687551,accident on ca-170 southbound at exit 9 sherman way.,sherman way,north hollywood,los angeles,ca,us,-1.8340452,0.31345242,1.1102214,0.23842281,0,0,0,0,0,0,0,0,0,0,0,1,1,1,2,0,0,0,-1.4243248,0.74940723,0.2718738
2,2021-07-29 05:34:03,0.40494272,-0.687551,accident on milwaukee ave at grand ave.,n halsted st,chicago,cook,il,us,-0.027598776,-0.90054154,1.600926,-0.6422932,0,0,0,0,1,0,1,0,0,1,0,0,1,1,2,0,0,0,-0.557404,-1.4168044,-0.44366515
2,2018-09-12 14:21:23,-1.5244287,-0.687551,accident on atwood rd at ca-49 grass valley hwy.,atwood rd,auburn,placer,ca,us,-1.3934485,0.503139,-0.1272078,-0.19205937,0,0,0,0,0,0,0,0,0,1,0,1,1,1,2,0,0,0,-0.557404,-1.4168044,0.17430031
1,2022-08-21 12:42:16,-1.5497881,-0.5908765,incident on us-30 wb near mm 50 drive with caution.,cascade ave,hood river,hood river,or,us,-0.7766132,0.5410763,-1.5993218,-0.6422932,0,0,0,0,0,0,0,0,0,0,0,1,1,1,2,1,1,0,0.055601574,0.114938535,-0.24323292
1,2021-12-17 16:48:00,-1.2522196,0.6368899,stationary traffic from e victory rd (locust grove rd) to e overland rd (locust grove rd) due to accident.,s locust grove rd,meridian,ada,id,us,0.4570576,-2.4370027,-1.5993218,-0.6422932,0,0,0,0,0,0,0,0,0,0,0,1,1,1,2,1,1,0,0.055601574,0.114938535,-0.15216433
1,2020-05-28 13:38:00,0.8493653,-0.687551,at gallimore dairy rd - accident. lane closed.,i-40 w,greensboro,guilford,nc,us,0.32487857,-1.1091968,0.3208269,-0.6422932,0,0,0,0,0,0,0,0,0,0,0,1,1,1,1,1,0,0,-1.077085,-1.0574068,-0.37170467
2,2016-09-21 11:21:51,-1.5675722,-0.687551,accident on ca-1 southbound before fremont blvd.,ca-1 s,seaside,monterey,ca,us,0.32487857,0.6548883,0.85420156,0.07808093,0,0,0,0,0,0,0,0,0,0,0,1,1,1,2,0,0,0,-0.557404,-1.4168044,-0.20461006
1,2022-07-14 17:44:00,0.7857478,2.0918415,incident on i-20 wb near sc-215 road closed. take alternate route.,monticello rd,columbia,richland,sc,us,1.1179526,0.42726436,-1.5993218,2.3006148,0,0,0,0,0,0,0,0,0,0,0,1,1,1,4,1,1,0,0.055601574,0.114938535,0.04298266
1,2022-11-03 12:40:00,0.83398855,2.0918415,stationary traffic on i-95 s from i-95 (miami) (south) (i-95 hov) to i-195/fl-112/airport expy (i-95 hov) due to accident.,i-95 express ln,miami,miami-dade,fl,us,-0.33601645,0.80663747,0.96087646,-0.6422932,0,0,0,1,0,0,0,0,0,0,0,1,1,1,2,1,0,0,0.6686071,1.6466814,-0.29852456
2,2019-09-25 06:35:34,0.20824152,-0.687551,accident on sherwood forest blvd near la-426 old hammond hwy.,sherwood forest blvd,baton rouge,east baton rouge,la,us,1.2501316,0.42726436,-1.5993218,-0.6422932,0,0,0,0,0,0,0,0,0,1,0,0,1,1,2,0,1,0,0.055601574,0.114938535,-0.40666848
1,2022-05-04 18:38:00,-1.3622952,-0.42411295,slow traffic from w 43rd st to i-110 s due to accident.,s figueroa st,los angeles,los angeles,ca,us,0.23675925,0.047891248,-0.31922266,-0.6422932,0,0,0,0,0,0,0,0,0,0,0,1,1,1,2,1,0,0,0.055601574,-1.5430081,-0.20095107
1,2022-09-15 16:35:28,0.374842,-0.65854865,incident on big hollow rd eb near us-12 drive with caution.,n us highway 12,ingleside,lake,il,us,0.10458023,-0.61601174,0.3208269,-0.6422932,0,0,0,0,0,0,0,0,0,1,0,1,1,1,2,1,0,0,-1.077085,1.2872838,-0.45789456
2,2019-02-22 06:20:40,-0.08227926,2.0918415,accident on i-90 westbound between exit 26 mn-91 and exit 18 cr-3 190th ave.,i-90 w,magnolia,rock,mn,us,0.9417139,1.2239479,-0.6179125,0.2196561,0,0,0,0,0,0,0,0,0,0,0,0,1,1,2,0,0,0,0.055601574,1.7728852,0.15681839
1,2021-08-13 14:52:30,-1.5502288,2.0918415,slow traffic on i-80 w from el camino ave (i-80) to ca-84/reed ave (i-80) due to accident.,i-80 w,sacramento,sacramento,ca,us,-1.4815679,0.31345242,0.3208269,0.11545907,0,0,0,0,0,0,0,0,0,0,0,1,1,1,2,1,0,0,-0.557404,-1.4168044,-0.042394143
1,2022-02-11 22:28:00,0.2512531,2.0918415,incident on i-310 nb near us-61 left lane blocked.,i-310,st rose,st charles,la,us,0.9417139,0.7876688,-0.9592722,-0.6422932,0,0,0,0,0,0,0,0,0,0,0,1,1,1,2,1,0,0,-1.4243248,0.74940723,-0.591245
1,2021-08-27 17:11:17,0.8263218,0.564384,stationary traffic from nw 138 st exit [2] to nw 138th st / hialeah gardens blvd due to accident.,i-75 n,hialeah,miami-dade,fl,us,-0.24789712,0.5410763,0.3208269,-0.6422932,0,0,0,0,0,0,0,0,0,0,0,1,1,1,2,1,0,0,-0.557404,1.6466814,0.46458143
1,2019-11-11 10:58:20,0.45367804,-0.19934471,at i-65/exit 208 - accident. right lane blocked.,i-40 e,nashville,davidson,tn,us,-0.7325535,-0.46426246,0.53417677,-0.6422932,0,0,0,1,0,0,0,0,0,0,0,1,1,1,2,1,0,0,-1.4243248,-0.5195302,0.14868727
1,2022-03-17 07:14:30,0.9874426,1.4392884,stationary traffic on us-17 n - us-17 s from nc-50/ocean rd (us-17) to nc-172 (us-17) due to accident.,us highway 17 n,holly ridge,onslow,nc,us,1.2501316,0.23757781,-0.31922266,-0.6422932,0,0,0,0,0,0,0,0,0,0,0,0,1,1,2,1,0,0,-1.077085,-1.0574068,0.46986666
1,2019-10-21 16:25:38,0.9158509,2.0918415,between rt-16/rt-400/exit 54 and us-219/ridge rd/exit 55 - accident.,new york trwy w,buffalo,erie,ny,us,-1.3053292,-0.9764162,1.8142759,-0.6422932,0,0,0,1,0,0,0,0,0,0,0,1,1,1,3,1,0,0,0.055601574,1.7728852,-0.6733694
1,2022-01-16 12:56:00,0.8361374,2.0918415,incident on florida's tpke nb near mm 80 right lane blocked. expect delays.,florida's tpke,delray beach,palm beach,fl,us,0.19269957,0.1996405,2.0276258,1.5645329,0,0,0,0,0,0,0,0,0,0,0,1,1,1,2,1,0,0,-1.5462592,0.114938535,0.091769405
1,2021-10-29 08:26:12,0.073735766,1.3015271,incident on i-394 eb near winnetka ave drive with caution.,i-394 e,minneapolis,hennepin,mn,us,0.5011172,-1.1850713,0.3208269,-0.6422932,0,0,0,0,0,0,0,0,0,1,0,1,1,1,2,1,0,0,1.535528,-0.5195302,-0.63515306
1,2023-01-05 08:33:10,0.79296577,-0.5594573,incident on freedom dr near toddville rd drive with caution.,toddville rd,charlotte,mecklenburg,nc,us,0.80953497,-0.78672963,-0.9592722,-0.6422932,0,0,0,0,0,0,0,0,0,1,0,1,1,1,2,1,0,0,-1.5462592,0.114938535,-0.44081923
2,2017-12-28 01:28:21,1.2037607,-0.687551,right hand shoulder blocked due to accident on taconic state pkwy northbound at bryant pond rd.,taconic state pkwy n,mahopac,putnam,ny,us,-0.24789712,1.5084778,-0.8525973,2.3006148,0,0,0,0,0,0,0,0,0,0,0,0,0,0,2,0,0,0,1.1882882,-1.0574068,-0.58270735
1,2022-04-20 16:53:34,-1.2920432,2.0918415,stationary traffic on i-805 s from ca-54/sweetwater rd (i-805) to orange ave (i-805) due to accident.,i-805 s,bonita,san diego,ca,us,-0.24789712,-0.35045052,1.1742263,0.25817445,0,0,0,0,0,0,0,0,0,0,0,1,1,1,2,1,0,0,0.6686071,-1.4168044,0.22755918
1,2019-03-08 08:11:41,0.5938405,1.4755414,at ga-13/buford hwy/exit 86 - accident. right lane blocked.,plasters ave ne,atlanta,fulton,ga,us,-0.7325535,0.99632406,-0.6179125,2.3006148,0,0,0,0,0,0,0,0,0,0,0,1,1,1,3,1,0,0,-1.4243248,0.74940723,0.47433877
1,2021-11-17 17:31:00,0.055344913,0.027840408,incident on pennsylvania near e kings hwy drive with caution.,pennsylvania ave,shreveport,caddo,la,us,-0.20383745,0.2755151,0.10747705,-0.6422932,0,0,0,0,0,0,0,0,0,0,0,0,1,1,2,1,0,0,-1.5462592,0.114938535,-0.591245
2,2019-02-26 15:26:49,0.45375845,-0.687551,accident on 5th ave at 20th st.,20th st s,birmingham,jefferson,al,us,-1.2172098,1.0721986,-0.1272078,2.3006148,0,0,0,0,0,0,0,0,0,0,0,1,1,1,2,0,0,0,-1.5462592,0.114938535,-0.6201105
2,2017-10-25 11:50:43,-1.35567,-0.687551,#1 #2 lane blocked due to accident on i-710 northbound before florence ave.,florence ave,bell gardens,los angeles,ca,us,-2.4949403,0.40829572,-0.71481043,-0.28210613,0,0,0,0,0,0,0,0,0,0,0,1,1,1,3,0,1,0,0.055601574,0.114938535,0.10925132
2,2017-12-12 06:53:00,1.0602303,-0.687551,accident on us-222 southbound at us-30.,us-30 w,lancaster,lancaster,pa,us,1.073893,-0.103858,-0.8525973,0.7951707,0,0,0,0,0,0,0,0,0,0,0,0,1,1,2,0,0,0,0.055601574,1.7728852,0.018589286
2,2018-06-02 15:44:46,0.5863301,2.0918415,entry ramp to i-75 southbound from s marietta pkwy se clockwise lane blocked due to accident.,parkway pl se,marietta,cobb,ga,us,-0.24789712,0.35138974,0.6195167,1.5357057,0,0,0,0,0,0,0,0,0,0,0,1,1,1,3,0,0,0,1.1882882,-1.0574068,-0.2554296
1,2023-01-18 15:27:00,-1.570163,0.032674134,accident from san jose to e calaveras blvd.,dempsey rd,milpitas,santa clara,ca,us,-0.60037446,0.80663747,-0.9592722,-0.6422932,0,0,0,1,0,0,0,0,0,0,0,1,1,1,2,1,0,0,1.1882882,1.2872838,-0.6156384
2,2020-11-10 07:06:14,0.7045219,-0.687551,accident on fl-579 fletcher ave at i-275 exit 52.,i-275 n,tampa,hillsborough,fl,us,0.80953497,0.3324211,0.3208269,-0.6422932,0,0,0,0,0,0,0,0,0,1,0,1,1,1,2,0,0,0,0.055601574,1.7728852,-0.19525927
1,2021-08-11 12:54:00,-1.396889,2.0918415,incident on ca-58 wb near ca-184 drive with caution.,bakersfield tehachapi hwy,bakersfield,kern,ca,us,-2.010284,-0.5211684,-1.5993218,-0.6422932,0,0,0,0,0,0,0,0,0,0,0,1,1,1,2,1,1,0,0.055601574,0.114938535,0.018589286
1,2020-04-26 17:02:54,1.2312677,-0.687551,at rt-231/exit 39 - accident. left lane blocked.,southern state pkwy e,north babylon,suffolk,ny,us,0.80953497,-0.103858,2.2398665,1.5645329,0,0,0,1,0,0,0,0,0,0,0,1,1,1,3,1,0,0,1.1882882,1.2872838,0.26008368
1,2022-04-20 15:38:53,0.8248918,-0.3612745,slow traffic on fl-976 - fl-985 from sw 38th st to sw 104th ct due to accident.,sw 107th ave,miami,miami-dade,fl,us,-0.38007614,0.9014808,1.600926,-0.6422932,1,0,0,0,0,0,0,0,0,0,0,1,1,1,2,1,0,0,1.1882882,1.2872838,-0.32576382
2,2018-03-25 04:28:38,-1.5411385,-0.687551,accident on whitney ave at watt ave.,whitney ave,sacramento,sacramento,ca,us,1.2501316,0.86354345,-0.36189264,0.11545907,0,0,0,0,0,0,0,0,0,0,0,0,0,0,2,0,0,0,-0.557404,1.6466814,-0.13671519
2,2017-08-20 06:08:35,-1.5504311,-0.687551,right hand shoulder blocked due to accident on ca-70 el centro blvd southbound at cornelius.,el centro blvd,nicolaus,sutter,ca,us,0.32487857,0.29448378,0.6195167,0.050374232,0,0,0,0,0,0,0,0,0,0,0,0,1,1,2,0,0,0,-1.4243248,0.74940723,-0.13793485
1,2020-12-11 15:27:22,0.037444223,2.0918415,incident on i-80 wb near county hwy-r16 road closed. take alternate route.,i-80 w,de soto,dallas,ia,us,1.2501316,-1.6213505,1.8142759,2.3006148,0,0,0,0,0,0,0,0,0,0,0,1,1,1,4,1,0,0,0.6686071,1.6466814,-0.63108754
2,2019-12-11 07:16:32,0.690396,-0.687551,lane blocked due to accident on us-19 at ranch rd.,ranch rd,port richey,pasco,fl,us,1.3823106,0.6738569,-1.5993218,-0.6422932,0,0,0,0,0,0,0,0,0,1,0,1,1,1,2,0,1,0,0.055601574,0.114938535,-0.09036778
2,2019-09-17 16:38:03,-1.4630914,-0.687551,#1 lane blocked due to accident on i-80 eastbound at exit 199 floriston way.,i-80 w,floriston,nevada,ca,us,-1.9662242,-2.4370027,1.600926,-0.6422932,0,0,0,0,0,0,0,0,0,0,0,1,1,1,3,0,0,0,0.055601574,-1.5430081,-0.15094465
1,2021-12-23 22:06:57,-1.6442268,0.26469296,incident on or-569 wb near mp 6 drive with caution.,randy papé beltline w,eugene,lane,or,us,1.073893,-0.84363556,0.53417677,-0.6422932,0,0,0,0,0,0,0,0,0,0,0,0,0,0,2,1,0,0,-1.5462592,0.114938535,0.09054974
1,2021-10-29 05:29:30,-1.3751651,2.0918415,slow traffic on antelope valley fwy s - ca-14 s from exit [2] to exit [1b] due to accident.,antelope valley fwy s,newhall,los angeles,ca,us,-0.29195678,-1.1471341,-1.5993218,-0.6422932,0,0,0,0,0,0,0,0,0,0,0,0,0,0,2,1,1,0,0.055601574,0.114938535,-0.5058682
1,2020-10-22 00:28:08,1.0109823,2.0918415,incident on i-95 sb near i-95 drive with caution.,capital beltway w,alexandria,fairfax county,va,us,1.5585493,0.92044944,-1.5993218,-0.6422932,0,0,0,0,0,0,0,0,0,0,0,0,0,0,2,1,1,0,0.055601574,0.114938535,0.6804628
1,2016-08-02 16:37:30,1.2089955,2.0918415,between rt-378/exit 7 and 23rd st/exit 8 - accident.,i-787 n,albany,albany,ny,us,-0.20383745,0.8825121,-0.6179125,2.3006148,0,0,0,0,0,0,0,0,0,0,0,1,1,1,2,1,0,0,0.055601574,1.7728852,-0.31072125
1,2022-07-25 12:07:00,0.83673424,1.2725248,incident on i-95 nb near stirling rd center lane blocked. expect delays.,i-95 n,hollywood,broward,fl,us,0.016460894,0.80663747,1.3875762,-0.6422932,0,0,0,0,0,0,0,0,0,0,0,1,1,1,2,1,0,0,-0.557404,1.6466814,0.3600965
1,2021-08-20 18:20:00,-0.98744833,-0.37335885,accident on i-215/exit 130 (i-80) from exit 131 (i-80) to i-80 e.,i-80 e,salt lake city,salt lake,ut,us,-1.3493888,-2.4370027,1.1742263,-0.6422932,0,0,0,0,0,0,0,0,0,0,0,1,1,1,2,1,0,0,1.6574624,0.114938535,0.65281695
1,2022-09-14 00:13:00,-1.3585194,-0.63438004,accident on e cesar e chavez ave from i-5/i-10/golden hwy to echandia st.,e cesar e chavez ave,los angeles,los angeles,ca,us,0.4570576,-0.009014718,-1.5993218,-0.6422932,0,0,0,0,0,0,1,0,0,0,0,0,0,0,2,1,1,0,0.055601574,0.114938535,-0.81078535
2,2016-11-15 08:50:59,-0.17415006,-0.6633824,accident on anderson ln service rd eastbound at cameron ln.,e anderson ln,austin,travis,tx,us,0.36893824,0.82560617,-0.8525973,1.2635992,0,0,0,0,0,0,0,0,0,0,0,1,1,1,2,0,0,1,0.055601574,0.114938535,0.01818273
1,2022-04-20 15:02:00,-1.3578389,1.216937,accident from soto st (i-10) to i-5/golden hwy/state st (i-10).,san bernardino fwy w,los angeles,los angeles,ca,us,-0.5563148,0.21860915,-0.31922266,-0.6422932,0,0,0,0,0,0,0,0,0,0,0,1,1,1,2,1,0,0,-0.557404,-1.4168044,0.38448986
3,2019-10-19 05:51:32,-1.3502657,-0.687551,#4 #5 lane blocked due to accident on ca-22 northbound at exit 22 old ranch pkwy.,i-405 n,seal beach,orange,ca,us,0.36893824,0.35138974,-0.5325725,2.3006148,0,0,0,0,0,0,0,0,0,0,0,0,0,1,2,0,0,0,1.1882882,1.2872838,-0.13915452
1,2022-12-28 16:27:30,-1.5548018,2.0918415,slow traffic on us-101 n - s valley fwy n from san martin ave (us-101) to cochrane rd (us-101) due to accident.,us-101,san martin,santa clara,ca,us,0.32487857,0.028922593,-1.5993218,0.25817445,0,0,0,0,0,0,0,0,0,0,0,1,1,1,2,1,1,0,0.055601574,0.114938535,-0.164361
1,2021-02-06 21:21:50,0.22326607,0.25502554,incident on us-151 sb near county hwy-d41 drive with caution.,route 151,bernard,dubuque,ia,us,0.32487857,-1.317852,1.3875762,-0.6422932,0,0,0,0,0,0,0,0,0,0,0,0,0,0,2,1,0,0,0.6686071,-1.4168044,0.7219315
2,2022-09-02 16:01:56,0.5753312,2.0918415,crash on i-85 northbound between exit 47 ga-34 bullsboro dr and exit 51 ga-154 sharpsburg mccollum rd.,ga-403 n,newnan,coweta,ga,us,-0.24789712,-1.1850713,-0.31922266,2.04273,0,0,0,0,0,0,0,0,0,0,0,1,1,1,2,0,0,0,-1.077085,1.2872838,0.18771666
1,2021-06-28 15:45:40,-0.031964086,-0.6440475,incident on sagehill dr near hughes rd drive with caution.,hughes rd,houston,harris,tx,us,1.2941914,0.44623303,-0.5325725,1.5799973,0,0,0,0,0,0,0,0,0,0,0,1,1,1,2,1,0,0,0.6686071,1.6466814,-0.08711533
2,2021-02-04 19:49:57,0.73224163,-0.687551,accident on new cut rd at edgewood ave.,new cut rd,spartanburg,spartanburg,sc,us,-0.8206728,-1.0522908,-1.5993218,-0.6422932,0,0,0,0,0,0,0,0,0,0,0,0,0,0,2,0,1,0,0.055601574,0.114938535,-0.10459725
2,2020-12-17 20:59:09,0.09505774,-0.687551,accident on i-90 westbound at exit 175 cr-46.,i-90 e,austin,mower,mn,us,1.2501316,-1.7730998,-0.10587281,-0.6422932,0,0,0,0,0,0,0,0,0,0,0,0,0,0,2,0,0,0,-1.5462592,0.114938535,0.11982179
1,2021-09-10 07:48:00,-1.5841601,-0.47003335,slow traffic from usher st to i-880 n due to accident.,lewelling blvd,san lorenzo,alameda,ca,us,1.2501316,0.48417035,-0.31922266,1.5645329,0,0,0,0,0,0,0,1,0,0,0,1,1,1,2,1,0,0,0.055601574,-1.5430081,-0.12777095
1,2020-12-09 23:38:00,-1.3556794,0.7118126,incident on i-710 sb near florence ave drive with caution.,i-710 s,bell gardens,los angeles,ca,us,-0.11571811,0.21860915,-0.9592722,-0.6422932,0,0,0,0,0,0,0,0,0,0,0,0,0,0,2,1,0,0,0.6686071,1.6466814,-0.32291794
2,2018-07-27 17:34:57,0.69762754,-0.687551,heavy traffic and 2 right lane closed due to accident on i-26 i-240 eastbound at i-240.,i-240 w,asheville,buncombe,nc,us,-0.51225513,0.7876688,0.36349687,1.1366551,0,0,0,1,0,0,0,0,0,0,0,1,1,1,3,0,0,0,1.6574624,0.114938535,-0.12899062
1,2021-02-21 17:43:32,0.07756559,-0.15825804,accident on us-65/exit 8 (i-35) from cr-46/exit 11 (i-35) to i-35 n.,i-35 n,albert lea,freeborn,mn,us,1.2501316,-2.3421595,-0.9592722,-0.6422932,0,0,0,0,0,0,0,0,0,0,0,1,1,1,2,1,0,0,0.6686071,1.6466814,0.22674608
2,2019-10-18 16:44:06,-1.5936997,-0.687551,left lane blocked due to accident on wa-520 eastbound near montlake blvd.,evergreen point floating,seattle,king,wa,us,1.073893,0.3703584,0.3208269,-0.6422932,0,0,0,0,0,0,0,0,0,0,0,1,1,1,2,0,0,0,-1.077085,1.2872838,-0.19851172
1,2022-10-13 23:24:00,0.7025214,-0.29843608,incident on sr-100 near se douglas rd drive with caution.,sr-100,lulu,columbia,fl,us,1.5585493,0.21860915,-1.5993218,-0.6422932,0,0,0,0,0,0,0,0,0,0,0,0,0,0,2,1,1,0,0.055601574,0.114938535,0.23812963
2,2017-02-25 15:46:48,0.7041443,-0.6633824,2 right lane blocked due to accident on i-275 northbound at exit 44 scott st.,i-275 s,tampa,hillsborough,fl,us,-0.29195678,0.46520168,0.6195167,1.6892837,0,0,0,0,0,0,1,0,0,0,0,1,1,1,3,0,0,0,0.055601574,-1.5430081,-0.18143636
2,2018-05-21 18:32:55,0.580911,-0.687551,#4 lane blocked due to accident on i-20 westbound at exits 46 46a 46b riverside pkwy.,ga-402 w,austell,cobb,ga,us,-0.38007614,0.73076284,-0.36189264,1.3466129,0,0,0,0,0,0,0,0,0,0,0,1,1,1,4,0,0,1,0.055601574,0.114938535,-0.47131094
1,2020-12-18 06:46:17,0.74115163,-0.23318079,incident on storm branch rd near allwin overlook ln drive with caution.,storm branch rd,beech island,aiken,sc,us,1.0298333,0.9394181,-1.5993218,-0.6422932,0,0,0,0,0,0,0,0,0,0,0,0,1,1,2,1,1,0,0.055601574,0.114938535,-0.14525287
1,2020-09-28 23:45:00,0.77807987,2.0918415,incident on i-4 wb near mm 121 drive with caution.,i-4 w,deland,volusia,fl,us,1.47043,0.35138974,-0.9592722,-0.6422932,0,0,0,0,0,0,0,0,0,0,0,0,0,0,2,1,0,0,-1.077085,1.2872838,-0.22534443
1,2017-08-07 10:43:21,-1.3418927,0.5232973,at irwindale ave - accident.,foothill fwy w,azusa,los angeles,ca,us,-0.60037446,0.56004494,-0.6179125,-0.28210613,0,0,0,1,0,0,0,0,0,0,0,1,1,1,2,1,0,0,-1.4243248,0.74940723,-0.14362665
2,2021-05-22 15:01:24,-0.122623645,-0.687551,lane blocked due to accident on i-635 westbound at preston rd.,i-635 w,dallas,dallas,tx,us,0.41299793,-0.33148187,0.3208269,-0.6422932,0,0,0,0,0,0,0,0,0,0,0,1,1,1,3,0,0,0,0.055601574,1.7728852,0.36985385
2,2019-05-04 21:16:24,-1.3564023,-0.687551,accident on i-105 eastbound at exit 14 i-710.,i-105 e,lynwood,los angeles,ca,us,0.32487857,0.23757781,-0.10587281,-0.6422932,0,0,0,0,0,0,0,0,0,0,0,0,0,0,3,0,0,0,0.055601574,-1.5430081,0.5893942
2,2018-10-08 08:39:14,0.7668337,-0.687551,accident on rollins st at dade ave.,dade ave,orlando,orange,fl,us,0.8976543,0.69282556,0.36349687,1.6429749,0,0,0,0,0,0,0,0,0,0,0,1,1,1,2,0,0,0,0.055601574,1.7728852,-0.31722614
1,2018-07-17 16:48:08,-1.5863013,-0.12683882,ramp to i-405 - accident. lane blocked.,i-90 w,bellevue,king,wa,us,-1.4375082,0.6359196,0.36349687,0.44300127,0,0,0,0,0,0,0,0,0,0,0,1,1,1,3,1,0,0,-1.4243248,0.74940723,-0.10012513
2,2017-12-15 19:53:00,-1.3496708,-0.687551,accident on i-605 northbound at exit 16 beverly blvd.,beverly blvd,whittier,los angeles,ca,us,-1.4815679,0.6169509,-0.4937655,-0.2613523,0,0,0,0,0,0,0,0,0,0,0,0,0,0,3,0,1,0,0.055601574,0.114938535,0.21373627
2,2018-06-21 21:53:19,0.3957126,-0.687551,accident on howard st at il-21 milwaukee ave.,n milwaukee ave,chicago,cook,il,us,0.8535946,0.25654647,1.600926,-0.6422932,0,0,0,0,0,0,1,1,0,1,0,0,0,1,2,0,0,0,0.6686071,1.6466814,0.0751006
1,2017-10-17 02:21:22,0.40512776,0.39762044,at canalport ave/cermak rd/exit 53 - accident.,i-90 e,chicago,cook,il,us,0.060520563,1.0342613,-0.36189264,0.6544992,0,0,0,1,0,0,0,0,0,1,0,0,0,0,2,1,0,0,-1.4243248,-0.5195302,0.7105479
2,2018-07-01 05:20:31,-1.6578815,2.0918415,accident on or-223 kings valley hwy both ways between bronson rd and fir grove rd.,kings valley hwy,monmouth,polk,or,us,0.23675925,1.0152928,0.36349687,1.2693399,0,0,0,0,0,0,0,0,0,0,0,0,1,1,2,0,0,0,1.535528,-0.5195302,0.6166335
2,2020-12-18 16:07:43,0.45634016,-0.687551,accident on us-31w dickerson pike at doverside dr.,dickerson pike,nashville,davidson,tn,us,-0.60037446,0.10479722,-0.10587281,-0.6422932,0,0,0,0,0,0,0,0,0,0,0,1,1,1,2,0,0,0,-1.077085,1.2872838,0.3775784
1,2022-02-17 16:21:12,0.784032,0.53296477,incident on fewell rd near catoe dr drive with caution.,fewell rd,clover,york,sc,us,-0.51225513,-0.9953848,-0.10587281,-0.6422932,0,0,0,0,0,0,0,0,0,0,0,1,1,1,2,1,0,0,-1.5462592,0.114938535,0.68208903
2,2019-07-15 11:39:23,0.7515644,-0.20417842,accident on 71st st between hosmer ave and lansing ave.,e 71st st,cleveland,cuyahoga,oh,us,-1.3053292,-0.35045052,-0.31922266,-0.6422932,0,0,0,0,0,0,0,0,0,1,0,1,1,1,2,0,0,0,0.055601574,1.7728852,-0.31356713
1,2019-11-04 16:51:00,-1.5483147,-0.687551,at q st/exit 519a - accident.,ca-16 e,sacramento,sacramento,ca,us,-1.1290905,0.48417035,-1.5993218,-0.6422932,0,0,0,1,0,0,0,0,0,0,0,1,1,1,2,1,1,0,0.055601574,0.114938535,-0.030197458
1,2021-08-12 07:59:33,-1.363073,2.0918415,slow traffic on antelope valley fwy s - ca-14 s from escondido canyon rd (ca-14) to agua dulce canyon rd (ca-14) due to accident.,ca-14,santa clarita,los angeles,ca,us,-0.7325535,-1.0143535,-1.5993218,-0.6422932,0,0,0,0,0,0,0,0,0,0,0,1,1,1,2,1,1,0,0.055601574,0.114938535,0.22715263
2,2022-03-01 06:59:32,-1.2944101,-0.687551,hov lane blocked due to crash on i-15 northbound at exit 18 rancho penasquitos blvd.,escondido fwy n,san diego,san diego,ca,us,0.32487857,-2.0196922,-0.9592722,-0.6422932,0,0,0,0,0,0,0,0,0,0,0,1,1,1,3,0,0,0,-1.5462592,0.114938535,0.17795932
1,2020-01-01 17:47:48,0.29738754,0.08584512,at us-30/exit 44 - at hoyle rd - accident. left lane blocked.,chicago-kansas city expressway w,dixon,lee,il,us,0.23675925,-0.090485856,0.3208269,-0.6422932,0,0,0,0,0,0,0,0,0,0,0,0,0,1,3,1,0,0,-1.5462592,0.114938535,-0.18143636
2,2019-01-02 08:42:56,-1.3622224,-0.687551,accident on us-101 northbound at exit 5b silver lake blvd.,silver lake blvd,los angeles,los angeles,ca,us,-1.1290905,1.0721986,-0.8525973,0.11989498,0,0,0,0,0,0,0,0,0,0,0,1,1,1,2,0,0,0,0.055601574,-1.5430081,-0.080610424
1,2021-10-24 19:58:00,0.75911987,2.0918415,incident on florida's tpke nb near exit 265 left lane blocked.,florida's tpke n,windermere,orange,fl,us,1.5585493,0.44623303,0.3208269,2.3006148,0,0,0,0,0,0,0,0,0,0,0,0,0,1,2,1,0,0,-0.557404,1.6466814,0.14055614
2,2019-03-20 15:42:20,0.46026728,2.0918415,right lane blocked due to accident on i-24 eastbound between exit 56 tn-255 harding pl and exits 57 57a 57b haywood ln.,i-24 e,antioch,davidson,tn,us,-2.010284,0.7876688,0.36349687,1.9978548,0,0,0,0,0,0,0,0,0,0,0,1,1,1,3,0,0,0,-1.4243248,-0.5195302,-0.2416067
1,2022-05-19 21:30:23,-1.0258853,-0.5787922,crash blocking the left lane on s sr-89 southbound near e kalinich ave (324),s state route 89,prescott,yavapai,az,us,-2.0543435,-2.4370027,0.96087646,-0.6422932,0,0,0,0,0,0,0,0,0,0,0,0,0,0,2,1,0,0,-1.4243248,-0.5195302,-0.53310746
1,2022-05-11 17:30:29,0.8269276,-0.17759295,slow traffic on county hwy-913 - fl-973 - fl-972 from sw 84th ave to sw 25th st due to accident.,coral way,miami,miami-dade,fl,us,-0.11571811,0.46520168,2.2398665,-0.6422932,0,0,0,0,0,0,1,0,0,0,0,1,1,1,2,1,0,0,1.1882882,1.2872838,-0.53066814
1,2022-07-27 07:59:21,-0.0005821942,2.0918415,incident on us-69 nb near 135th st right lane blocked. expect delays.,us-69,overland park,johnson,ks,us,1.2501316,-1.5834131,-1.5993218,-0.6422932,0,0,0,0,0,0,0,0,0,0,0,1,1,1,2,1,1,0,0.055601574,0.114938535,0.1734872
1,2021-02-16 16:39:00,0.72763425,-0.6488812,incident on se maricamp rd near se 58th ave drive with caution.,se maricamp rd,ocala,marion,fl,us,-0.29195678,0.52210766,0.3208269,-0.6422932,0,0,0,0,0,0,0,0,0,1,0,1,1,1,2,1,0,0,0.055601574,-1.5430081,-0.27413118
2,2021-11-16 18:20:17,-1.398719,-0.687551,accident on kimber ave at ca-184 weedpatch hwy.,weedpatch hwy,bakersfield,kern,ca,us,0.9417139,-0.2745759,-0.5325725,-0.6422932,0,0,0,0,0,0,0,0,0,0,0,0,0,0,2,0,0,0,1.535528,-0.5195302,0.6597284
1,2021-10-22 20:14:00,-1.5403664,-0.5401224,incident on painter way near house 4101 expect delays.,schofield way,north highlands,sacramento,ca,us,0.32487857,0.35138974,0.3208269,-0.6422932,0,0,0,0,0,0,0,0,0,0,0,0,0,0,2,1,0,0,-1.077085,-1.0574068,-0.0058040856
1,2020-09-21 13:11:00,-1.54276,2.0918415,incident on i-205 eb near tom paine slough expect delays.,i-205 e,tracy,san joaquin,ca,us,-1.7018663,0.3324211,-0.9592722,-0.6422932,0,0,0,0,0,0,0,0,0,0,0,1,1,1,2,1,0,1,0.055601574,0.114938535,0.40888324
2,2019-10-08 10:09:46,-0.5860077,-0.687551,center lane blocked due to accident on i-70 eastbound at exits 281 282 283 i-225 exits 12a 12b.,i-70 e,aurora,adams,co,us,-2.2305822,-2.4370027,-0.31922266,-0.6422932,0,0,0,0,0,0,0,0,0,0,0,1,1,1,3,0,0,0,-1.077085,-1.0574068,0.30561796
2,2016-10-20 20:24:42,-0.1232297,-0.6633824,slow traffic due to accident on i-635 eastbound at preston rd.,preston rd,dallas,dallas,tx,us,-0.8206728,1.1291046,1.1102214,1.0385345,0,0,0,0,0,0,0,0,0,1,0,0,0,0,3,0,0,0,1.6574624,0.114938535,-0.5253829
2,2021-05-07 10:37:15,-0.0533633,-0.687551,accident on houston center blvd at alief clodine rd.,w houston center blvd,houston,harris,tx,us,-0.9969115,0.82560617,-0.31922266,-0.6422932,0,0,0,0,0,0,0,0,0,1,0,1,1,1,2,0,0,0,0.6686071,1.6466814,-0.36560634
1,2021-02-25 05:28:00,-1.3399427,1.5359628,stationary traffic from bristol st (i-5) exit [14a-d] to exit [14c] due to accident.,garden grove fwy,orange,orange,ca,us,0.80953497,0.7117942,-0.9592722,-0.6422932,0,0,0,0,0,0,0,0,0,0,0,0,0,1,2,1,0,0,-1.077085,-1.0574068,-0.591245
2,2017-11-24 16:03:05,0.90867114,-0.687551,right hand shoulder blocked and right lane blocked due to accident on us-501 huell matthews hwy southbound at horseshoe trl.,horseshoe trl,alton,halifax,va,us,-1.0850308,0.56004494,-0.8525973,0.96957016,0,0,0,0,0,0,0,0,0,0,0,1,1,1,2,0,0,0,0.055601574,1.7728852,0.26455578
1,2022-11-07 08:21:00,0.7118888,1.6060519,incident on i-75 nb near mm 257 drive with caution.,i-75 n,brandon,hillsborough,fl,us,1.0298333,0.80663747,-0.5325725,-0.6422932,0,0,0,0,0,0,0,0,0,0,0,1,1,1,2,1,0,0,1.1882882,1.2872838,0.16494952
2,2021-05-20 15:13:23,0.69543225,-0.687551,lane blocked due to accident on i-80 eastbound at exit 118 us-250 milan rd.,i-80 w,milan,erie,oh,us,-1.4815679,-0.06592069,-0.10587281,-0.6422932,0,0,0,0,0,0,0,0,0,0,0,1,1,1,3,0,0,0,-1.4243248,-0.5195302,0.5158075
1,2021-11-23 14:40:00,-1.504937,-0.005995673,accident on ca-88 (pine grove) (ridge rd/ca-104) from ca-49 (ridge rd/ca-104) to ca-104.,ridge rd,sutter creek,amador,ca,us,-0.46819547,-2.4370027,-0.10587281,-0.6422932,0,0,0,0,0,0,0,0,0,0,0,1,1,1,2,1,0,0,0.6686071,-1.4168044,0.14055614
1,2021-11-28 10:35:30,1.0972917,2.0918415,stationary traffic on i-81 n from pa-107/exit 202 (i-81) to pa-374/exit 206 (i-81) due to accident.,i-81,carbondale,lackawanna,pa,us,1.0298333,-1.6782565,-0.9592722,-0.6422932,0,0,0,0,0,0,0,0,0,0,0,1,1,1,2,1,0,0,1.1882882,1.2872838,-0.11557426
1,2017-05-19 10:18:53,-1.5709503,1.0429229,at ca-87/guadalupe pky - accident.,i-280 s,san jose,santa clara,ca,us,-1.2172098,0.56004494,0.035321977,0.31284574,0,0,0,1,0,0,0,0,0,0,0,1,1,1,2,1,1,0,0.055601574,0.114938535,0.64997107
1,2020-12-15 08:16:00,-1.3322115,-0.57395846,sb 133 jso 405. 1039 sta 91,ca-133 s,irvine,orange,ca,us,0.2808189,0.8825121,-1.5993218,-0.6422932,0,0,0,0,0,0,0,0,0,0,0,1,1,1,2,1,1,0,0.055601574,0.114938535,0.5796369
1,2020-03-25 18:00:03,-1.4257668,-0.687551,at road 92b - accident.,ca-99 s,visalia,tulare,ca,us,0.41299793,-0.009014718,1.8142759,-0.6422932,0,0,0,1,0,0,0,0,0,0,0,1,1,1,2,1,0,0,0.055601574,-1.5430081,0.11738245
1,2022-03-13 06:07:34,0.85561574,2.0918415,incident on i-95 nb near mm 162 left lane blocked.,i-95,florence,florence,sc,us,-0.51225513,0.9583867,-0.9592722,-0.6422932,0,0,0,0,0,0,0,0,0,0,0,0,0,0,2,1,0,0,0.055601574,-1.5430081,6.2283287
2,2017-03-03 12:53:39,-1.358356,-0.6633824,#1 lane blocked due to accident on ca-91 westbound at santa fe ave.,s santa fe ave,compton,los angeles,ca,us,-2.4949403,0.56004494,0.12881203,-0.083764665,0,0,0,0,0,0,1,0,0,0,0,1,1,1,2,0,0,0,-1.4243248,-0.5195302,0.034444977
2,2021-02-22 09:58:26,-0.9906431,-0.25251567,accident on az-87 country club dr southbound from iron ave to juanita ave.,s country club dr,mesa,maricopa,az,us,-2.142463,-1.1471341,-0.5325725,-0.6422932,0,0,0,0,0,0,0,0,0,1,0,1,1,1,2,0,0,0,0.6686071,1.6466814,0.19991335
2,2016-09-18 12:46:43,-1.5810671,-0.687551,right hand shoulder blocked due to accident on shoreline blvd northbound at ca-85.,us-101 n,mountain view,santa clara,ca,us,-1.3493888,0.57901365,-0.36189264,0.102411516,0,0,0,0,0,0,0,0,0,0,0,1,1,1,2,0,0,0,1.6574624,0.114938535,-0.20786253
1,2022-07-08 07:47:00,0.7132468,-0.6247126,incident on cortez blvd near spring lake hwy road closed. take alternate route.,spring lake hwy,brooksville,hernando,fl,us,1.2941914,0.6359196,-0.5325725,-0.6422932,0,0,0,0,0,0,0,0,0,1,0,1,1,1,2,1,0,0,-1.4243248,0.74940723,-0.10337757
1,2021-10-19 15:50:00,-1.3339111,0.67072594,stationary traffic on san bernardino fwy e - i-10 e from exit [43] to exit [44] due to accident.,i-10 e,pomona,los angeles,ca,us,-0.2088046,-0.7247018,-0.31712234,0.25817445,0,0,0,0,0,0,0,0,0,0,0,1,1,1,2,1,0,0,-0.2768945,-0.73810476,-0.0033535217
1,2016-09-06 13:04:00,-1.6094853,-0.6851342,at near ellsworth ave/exit 5 - accident.,lewis and clark hwy e,vancouver,clark,wa,us,0.80953497,0.5979823,-0.8525973,-0.6422932,0,0,0,0,0,0,0,0,0,0,0,1,1,1,3,1,0,0,-0.557404,1.6466814,0.28691638
2,2017-04-05 07:41:18,0.8267355,-0.6633824,right lane blocked due to accident on fl-973 87th ave at 19th ter.,sw 87th ave,miami,miami-dade,fl,us,0.8976543,0.6738569,-0.6179125,1.3100142,0,0,0,0,0,0,0,0,0,0,0,1,1,1,2,0,0,0,-1.5462592,0.114938535,-0.26681316
2,2018-04-06 16:31:44,0.5239483,-0.687551,accident on m-37 beltline ave at burton st.,burton st se,grand rapids,kent,mi,us,-0.64443415,0.42726436,2.2398665,0.66296124,0,0,0,0,0,0,0,0,0,1,0,1,1,1,2,0,0,0,1.1882882,-1.0574068,-0.5001764
2,2021-12-16 23:53:48,1.1864269,-0.687551,two lanes blocked due to accident on garden state pkwy southbound at exit 109 cr-520 newman springs rd.,garden state pkwy n,red bank,monmouth,nj,us,0.19269957,0.1996405,1.1742263,-0.6422932,0,0,0,0,0,0,0,0,0,0,0,0,0,0,2,0,0,0,-0.557404,-1.4168044,-0.035076134
2,2021-09-28 07:05:26,1.0265043,-0.687551,lane blocked due to multi-vehicle accident on i-83 northbound at exit 43 paxton st.,s front st,harrisburg,dauphin,pa,us,0.67735595,-0.29354456,-1.5993218,1.5645329,0,0,0,0,0,0,0,0,0,0,0,1,1,1,3,0,1,0,0.055601574,0.114938535,0.2487001
1,2021-07-27 16:43:19,-0.12047799,0.04717531,stationary traffic from meadow rd to arborside dr due to accident.,greenville ave,dallas,dallas,tx,us,-1.2172098,-0.50219977,0.53417677,-0.6422932,0,0,0,0,0,0,0,0,0,0,0,1,1,1,2,1,0,0,-0.557404,1.6466814,-0.21761987
1,2020-11-10 16:39:00,0.27566472,2.0918415,incident on i-12 wb near liberty bayou left lane blocked.,i-12 w,lacombe,st. tammany,la,us,0.7654753,0.23757781,-0.9592722,-0.6422932,0,0,0,0,0,0,0,0,0,0,0,1,1,1,2,1,0,0,0.055601574,1.7728852,-0.32291794
1,2022-02-23 11:58:30,0.83164096,-0.48936826,stationary traffic on fl-934 from nw 33rd ave to nw 80th st due to accident.,nw 79th st,miami,miami-dade,fl,us,-0.46819547,1.0911673,0.96087646,-0.6422932,0,0,0,0,0,0,0,0,0,0,0,1,1,1,2,1,0,0,0.055601574,1.7728852,0.15275283
1,2016-09-26 14:52:16,-1.5821519,-0.28393492,at i-880/nimitz fwy - accident.,w jackson st,hayward,alameda,ca,us,-2.2305822,0.5410763,0.36349687,0.44054118,0,0,0,0,0,0,0,0,0,1,0,1,1,1,2,1,0,0,0.6686071,-1.4168044,-0.02369256
2,2020-02-28 07:01:20,0.83379364,-0.687551,accident on florida's tpke southbound before exits 49 49a fl-820 hollywood blvd.,florida's tpke n,hollywood,broward,fl,us,0.060520563,1.0721986,0.53417677,-0.6422932,0,0,0,0,0,0,0,0,0,0,0,1,1,1,2,0,0,0,1.1882882,-1.0574068,0.22186738
1,2023-02-10 19:49:00,0.5945379,0.20910513,crash on i-85 southbound past ga 400. 1 lane(s) (of 5) blocked.,ga-403 s,atlanta,fulton,ga,us,-0.24789712,-1.1091968,0.3208269,-0.6422932,0,0,0,0,0,0,0,0,0,0,0,0,0,0,2,1,0,0,1.1882882,-1.0574068,-0.0789842
1,2021-06-11 10:32:00,-1.3543788,1.7075602,slow traffic on ca-134 e - ventura fwy e - i-210 e - foothill fwy e from colorado blvd exit [13a] to sierra madre bl exit [28] due to accident.,ca-134 e,pasadena,los angeles,ca,us,-0.27006543,-0.06981726,-0.20748493,0.25817445,0,0,0,0,0,0,0,0,0,0,0,1,1,1,2,1,0,0,-0.114170074,-0.40919745,-0.0033535217
1,2016-11-28 15:24:47,-0.08128503,2.0918415,between us-6/dodge rd/exit 3 and ne-64/maple st/exit 4 - accident.,i-680 n,omaha,douglas,ne,us,-0.8206728,-1.0522908,0.36349687,2.3006148,0,0,0,1,0,0,0,0,0,0,0,1,1,1,2,1,0,0,0.055601574,-1.5430081,0.2572378
1,2022-12-08 21:35:30,-0.58283705,-0.032581165,at walden way (black forest) at mile point 27.4. road closed expect delays due to a crash.,state highway 83,colorado springs,el paso,co,us,-2.010284,-2.4370027,-1.5993218,-0.6422932,0,0,0,0,0,0,0,0,0,0,0,0,0,0,2,1,1,0,0.055601574,0.114938535,-0.45708147
1,2021-12-13 05:57:00,1.1908581,2.0918415,slow traffic on ny-495 e - nj-495 e from boulevard e to w 34th st / 9th ave due to accident.,lincoln tunl e,weehawken,hudson,nj,us,-1.0409712,0.9394181,0.10747705,-0.6422932,0,0,0,0,0,0,0,0,0,0,0,0,0,1,2,1,0,0,-0.557404,-1.4168044,0.16494952
1,2022-04-20 07:36:00,1.009037,-0.64646435,incident on va-206 wb near ducat dr road closed. take alternate route.,indiantown rd,king george,king george,va,us,0.7654753,1.2239479,-1.5993218,-0.6422932,0,0,0,0,0,0,0,0,0,0,0,1,1,1,2,1,1,0,0.055601574,0.114938535,0.04298266
2,2018-06-20 13:38:14,-0.9337337,-0.687551,accident on nicaragua dr at calle polar.,s calle polar,tucson,pima,az,us,-2.4949403,0.48417035,0.12881203,-0.540497,0,0,0,0,0,0,0,1,0,0,0,1,1,1,2,0,0,0,1.1882882,-1.0574068,-0.46358636
1,2022-02-25 16:35:00,0.65055275,-0.43619728,stationary traffic on m-125 from stedman dr to lavender st due to accident.,n monroe st,monroe,monroe,mi,us,0.19269957,0.16170318,0.10747705,-0.6422932,0,0,0,0,0,0,0,0,0,0,0,1,1,1,2,1,0,0,0.055601574,-1.5430081,0.018589286
1,2019-09-14 21:41:00,-1.3238469,-0.687551,at banyan st - accident.,carnelian st,rancho cucamonga,san bernardino,ca,us,-1.1290905,-1.4885699,-0.5325725,-0.6422932,0,0,0,0,0,0,0,0,0,1,0,0,0,0,2,1,0,1,0.055601574,0.114938535,-0.27413118
3,2020-05-12 09:51:07,-0.12895688,-0.687551,accident on i-35e northbound near valwood pkwy.,i-35e s,dallas,dallas,tx,us,1.0298333,-0.653949,0.3208269,-0.6422932,0,0,0,0,0,0,0,0,0,1,0,1,1,1,2,0,0,0,-1.5462592,0.114938535,0.119008675
2,2016-08-20 20:47:00,-1.5143114,-0.687551,accident on ca-12 westbound at pettinger rd.,w highway 12,valley springs,calaveras,ca,us,-1.1731502,0.46520168,-0.8525973,0.050374232,0,0,0,0,0,0,0,0,0,0,0,0,1,1,2,0,0,0,1.1882882,1.2872838,-0.17655769
1,2019-12-28 07:30:00,0.09599128,-0.687551,at cr-2/exit 131 - accident.,i-35 s,forest lake,washington,mn,us,1.5585493,-1.1281655,-0.5325725,-0.6422932,0,0,0,0,0,0,0,0,0,0,0,0,1,1,2,1,0,0,0.055601574,1.7728852,0.40888324
1,2018-02-08 09:15:58,-0.075166956,-0.687551,at pine st - accident.,cherokee expy s,tulsa,tulsa,ok,us,-0.15977779,1.5464151,-0.1272078,1.6717291,0,0,0,0,0,0,0,0,0,0,0,1,1,1,2,1,0,0,-1.5462592,0.114938535,0.57882375
1,2022-10-15 12:41:00,0.88833636,2.012085,the shoulder is closed at exit 154 (mebane oaks rd).,i-40 w,mebane,alamance,nc,us,-1.4375082,-0.48323113,1.600926,-0.6422932,0,0,0,1,0,0,0,0,0,0,0,1,1,1,2,1,0,0,-1.4243248,-0.5195302,-0.29852456
1,2022-10-06 18:21:00,0.6824719,0.6272224,the shoulder is closed near us 64 rosman highway.,parkway rd,rosman,transylvania,nc,us,-1.0409712,-1.3557893,-0.13593426,-0.6422932,0,0,0,0,0,0,0,0,0,0,0,1,1,1,2,1,0,0,-0.035196677,-0.091276646,0.16494952
1,2020-05-08 17:10:48,-1.6127299,-0.687551,at s south end rd - accident.,s mcloughlin blvd,oregon city,clackamas,or,us,-1.7899855,0.1996405,1.8142759,-0.6422932,0,0,0,0,0,0,0,0,0,0,0,1,1,1,1,1,0,0,1.6574624,0.114938535,0.4527913
2,2017-06-12 05:51:07,1.1874017,-0.687551,left lane blocked due to accident on i-95 nj tpke (eastern spur) southbound at exit 15x seaview dr.,new jersey tpke s,secaucus,hudson,nj,us,0.4570576,0.6738569,0.42299876,0.68237025,0,0,0,0,0,0,0,0,0,0,0,1,1,1,3,0,1,0,0.055601574,0.114938535,0.02143518
1,2022-12-21 10:31:30,0.4393674,2.0918415,stationary traffic on i-40 e from tn-249/exit 188 (i-40) to tn-1/tn-70/exit 196 (i-40) due to accident.,i-40 e,pegram,cheatham,tn,us,-0.4241358,0.028922593,-0.9592722,-0.6422932,0,0,0,0,0,0,0,0,0,0,0,1,1,1,2,1,0,1,0.055601574,0.114938535,-0.5058682
1,2021-11-11 19:26:00,-1.5833545,0.334782,incident on ca-9 sb near house 11570 right shoulder closed.,highway 9,boulder creek,santa cruz,ca,us,0.10458023,0.8825121,-1.5993218,-0.6422932,0,0,0,0,0,0,0,0,0,0,0,0,0,0,2,1,1,0,0.055601574,0.114938535,-0.64003175
1,2022-12-14 05:57:14,0.009182889,-0.28393492,accident from exit [2] to i-470 e.,us-50,kansas city,jackson,mo,us,0.32487857,-2.038661,0.3208269,-0.6422932,0,0,0,0,0,0,0,0,0,0,0,0,0,1,2,1,0,0,-1.077085,-1.0574068,0.12185456
2,2018-08-21 20:01:52,0.9300255,-0.687551,accident on forest pines dr at common oaks dr.,forest pines dr,raleigh,wake,nc,us,0.5011172,0.48417035,0.6195167,1.791537,0,0,0,0,0,0,0,0,0,0,0,0,1,1,2,0,0,0,-1.4243248,-0.5195302,0.28366393
2,2021-06-14 04:02:41,1.011672,-0.687551,lane blocked due to accident on us-15 southbound at pa-184.,steam mill rd,trout run,lycoming,pa,us,0.8535946,-0.8246669,-0.10587281,-0.6422932,0,0,0,0,0,0,0,0,0,0,0,0,0,1,2,0,0,0,0.055601574,-1.5430081,0.23040508
1,2020-02-04 12:13:00,-1.3476652,-0.687551,at ca-60/pomona fwy - accident.,i-605 n,whittier,los angeles,ca,us,-2.274642,0.6738569,-1.5993218,-0.6422932,0,0,0,0,0,0,0,0,0,0,0,1,1,1,2,1,1,0,0.055601574,0.114938535,0.50645673
1,2021-08-29 14:17:00,1.0168898,-0.18242666,slow traffic on us-50 w - us-50 e from independence ave sw to 14th st nw due to accident.,17th st sw,washington,district of columbia,dc,us,0.10458023,0.9014808,-1.5993218,-0.6422932,0,0,0,0,0,0,0,0,0,0,0,1,1,1,2,1,1,0,0.055601574,0.114938535,0.21373627
2,2020-05-18 10:21:01,0.05109871,-0.687551,accident on us-71 both ways at i-220 exits 7a 7b.,i-220 w,shreveport,caddo,la,us,-0.51225513,0.16170318,0.10747705,-0.6422932,0,0,0,1,0,0,0,0,0,0,0,1,1,1,2,0,0,0,1.6574624,0.114938535,0.7020103
2,2016-12-16 06:51:15,-1.3607885,-0.6633824,#2 #3 &amp; #4 lane blocked due to accident and flooding on i-10 eastbound at san pedro st.,i-10 e,los angeles,los angeles,ca,us,-0.19313389,0.29448378,-0.6179125,2.3006148,0,0,0,0,0,0,0,0,0,0,0,0,1,1,3,0,0,1,0.055601574,0.114938535,0.12226112
2,2017-07-27 16:02:02,-1.5944055,-0.687551,accident on 20th ave at main st.,20th ave s,seattle,king,wa,us,0.060520563,0.92044944,-0.8525973,1.1496804,0,0,0,0,0,0,0,0,0,0,0,1,1,1,2,0,0,1,0.055601574,0.114938535,0.23894276
2,2016-11-30 09:58:04,1.3507901,-0.6633824,accident on grove st at seminary ave.,grove st,auburndale,middlesex,ma,us,1.1179526,0.69282556,0.30656525,1.3723729,0,0,0,0,0,0,0,0,0,0,0,1,1,1,2,0,1,0,0.055601574,0.114938535,0.069002256
1,2021-02-21 06:57:30,-1.4381999,0.5184636,stationary traffic on county hwy-j40 from ca-43/s highland ave (e mountain view ave/cr-j40) to s mendocino ave (e mountain view ave/cr-j40) due to accident.,e mountain view ave,selma,fresno,ca,us,0.7654753,0.7687002,-0.9592722,-0.6422932,0,0,0,0,0,0,0,0,0,0,0,1,1,1,2,1,0,0,-0.557404,1.6466814,0.12835947
1,2018-06-26 13:58:02,-1.3404061,-0.687551,at yorbita rd - accident.,e valley blvd,la puente,los angeles,ca,us,-1.3053292,0.52210766,-0.1272078,-0.38864034,0,0,0,0,0,0,1,0,0,0,0,1,1,1,2,1,0,0,-1.5462592,0.114938535,0.09258252
2,2019-08-06 07:45:05,-1.548712,-0.687551,accident on elkhart st at mabry dr.,elkhart st,sacramento,sacramento,ca,us,0.1486399,0.3324211,-0.9592722,-0.6422932,0,0,0,0,0,0,0,0,0,0,0,1,1,1,2,0,0,0,-1.4243248,-0.5195302,-0.1745249
1,2022-11-18 21:45:00,0.8364762,1.2241876,stationary traffic on i-95 n from fl-820/hollywood blvd/exit 20 (i-95) to fl-822/sheridan st/exit 21 (i-95) due to accident.,i-95 n,hollywood,broward,fl,us,0.2808189,0.86354345,0.3208269,-0.6422932,0,0,0,1,0,0,0,0,0,0,0,0,0,0,2,1,0,0,0.6686071,1.6466814,-0.17655769
2,2022-03-15 10:58:48,-1.3379734,-0.687551,hov lane blocked due to crash on i-10 eastbound after exit 38b holt ave.,i-10 e,west covina,los angeles,ca,us,-1.0850308,-1.0522908,-1.5993218,-0.02128102,0,0,0,0,0,0,0,0,0,0,0,1,1,1,3,0,1,0,0.055601574,0.114938535,0.30643108
1,2020-12-16 15:19:56,0.08595069,2.0918415,incident on us-65 near n farm road 197 drive with caution.,us highway 65,springfield,greene,mo,us,-0.15977779,-1.8869116,0.3208269,-0.6422932,0,0,0,0,0,0,0,0,0,0,0,1,1,1,2,1,0,0,1.535528,-0.5195302,0.69997746
2,2018-04-24 12:39:51,0.9091082,-0.687551,accident on i-190 northbound before exit 14 ny-266 niagara st.,arthur st,buffalo,erie,ny,us,-1.3053292,0.92044944,0.85420156,1.764452,0,0,0,0,0,0,0,0,0,0,0,1,1,1,3,0,0,0,-1.5462592,0.114938535,-0.32657692
1,2020-04-24 16:23:39,0.10811702,-0.687551,at ar-9/main st - accident.,e choctaw ave,perry,perry,ar,us,-0.15977779,-0.653949,-0.9592722,-0.6422932,0,0,0,0,0,0,0,0,0,0,0,1,1,1,2,1,0,1,0.055601574,0.114938535,-0.6973562
1,2022-01-28 16:55:15,0.82798594,-0.0954196,slow traffic from ludlam rd/sw 67th ave (miller rd/sw 56th st/miller dr) to fl-826/palmetto expy (miller rd/sw 56th st/miller dr) due to accident.,miller dr,miami,miami-dade,fl,us,-0.33601645,0.44623303,-0.9592722,-0.6422932,0,0,0,0,0,0,0,0,0,0,0,1,1,1,2,1,0,1,0.055601574,0.114938535,0.07347438
2,2022-06-08 17:38:26,-0.16719139,-0.687551,crash on may ave at 20th st.,s may ave,oklahoma city,oklahoma,ok,us,0.5011172,-1.9817549,2.0276258,-0.6422932,0,0,0,0,0,0,0,0,0,0,0,1,1,1,1,0,0,0,1.1882882,1.2872838,-0.31234747
1,2018-09-24 16:35:49,0.009653324,-0.015663125,at eastwood tfwy/exit 65 - accident. right lane blocked.,i-435 s,kansas city,jackson,mo,us,-0.38007614,0.29448378,0.12881203,1.8784466,0,0,0,0,0,0,0,0,0,0,0,1,1,1,2,1,0,0,-1.4243248,-0.5195302,-0.4249635
1,2022-12-14 13:14:00,0.60770327,2.0918415,stationary traffic on i-20 e - us-278 e - ga-402 e - ga-12 e from panola rd/exit 71 (i-20) to sigman rd/exit 78 (i-20) due to accident.,ga-402 e,lithonia,dekalb,ga,us,1.2501316,-1.4316639,0.53417677,-0.6422932,0,0,0,0,0,0,0,0,0,0,0,1,1,1,2,1,0,0,-0.557404,1.6466814,0.5552435
2,2017-08-04 15:13:25,0.92610323,-0.687551,accident on wake forest rd at new hope church rd.,new hope church rd,raleigh,wake,nc,us,-1.3934485,0.57901365,0.6195167,1.791537,0,0,0,0,0,0,0,0,0,1,0,1,1,1,2,0,0,0,-1.4243248,-0.5195302,0.5654074
1,2022-02-10 15:16:26,0.1470446,0.07134394,incident on i-35 near us-53 drive with caution.,i-35 n,duluth,st. louis,mn,us,0.41299793,-1.5454758,0.53417677,-0.6422932,0,0,0,0,0,0,0,0,0,0,0,1,1,1,2,1,0,0,-1.4243248,-0.5195302,0.05355312
2,2018-08-20 16:31:33,1.3572824,-0.687551,accident on i-495 northbound at exit 46 ma-110 east st.,merrimack st,methuen,essex,ma,us,-0.38007614,0.99632406,0.6195167,1.0772058,0,0,0,0,0,0,0,0,0,0,0,1,1,1,3,0,0,0,1.1882882,1.2872838,-0.52904195
1,2022-08-20 06:38:00,-1.3737825,2.0918415,incident on i-405 nb near skirball center dr road closed. take alternate route.,i-405,los angeles,los angeles,ca,us,0.7214156,-0.027983375,-1.5993218,-0.6422932,0,0,0,0,0,0,0,0,0,0,0,1,1,1,2,1,1,0,0.055601574,0.114938535,-0.29852456
1,2017-10-09 23:54:23,0.44971612,1.4417052,at tn-396/exit 53 - accident. roadway reduced to 1 lane.,i-65 s,spring hill,williamson,tn,us,1.0298333,0.5979823,-0.11965032,1.5520146,0,0,0,0,0,0,0,0,0,0,0,0,0,0,3,1,1,0,0.055601574,0.114938535,0.0035467069
2,2017-08-04 16:13:01,-1.2999423,-0.687551,slow traffic due to accident on ca-78 westbound after exit 11a rancho santa fe rd.,ca-78 w,san marcos,san diego,ca,us,0.63329625,0.46520168,0.36349687,1.4655352,0,0,0,0,0,0,0,0,0,0,0,1,1,1,2,0,0,0,-0.557404,-1.4168044,0.5068633
1,2023-03-23 10:31:00,0.6069022,1.516628,crash on i-85 southbound at steve reynolds blvd. no lanes blocked.,ga-403 s,duluth,gwinnett,ga,us,1.0298333,-1.0333221,-1.5993218,-0.6422932,0,0,0,0,0,0,0,0,0,0,0,1,1,1,2,1,1,0,0.055601574,0.114938535,-0.46927816
2,2017-10-10 16:00:06,0.37829292,-0.687551,accident on union ave at wheaton ave.,n wheaton ave,wheaton,dupage,il,us,0.67735595,0.80663747,1.3449062,-0.6422932,0,0,0,0,0,0,0,0,0,0,0,1,1,1,2,0,0,0,1.1882882,1.2872838,0.21617562